Experience,Salary,Education,Performance_Score
19,61215.70745002606,High School,57.570666530894314
31,98525.71709710787,Bachelor,66.88575650646455
9,61625.543351821376,High School,70.48188754747902
38,83576.86888051288,Bachelor,70.77969099383299
17,51298.45516847368,Master,90.05196340235446
19,53766.48228469532,Bachelor,67.92374743298906
4,33419.84725553103,Bachelor,72.78125489536104
11,45153.43974246857,Bachelor,53.74107972625504
22,70539.62782727506,Master,69.68864461684724
4,60151.203607882664,Bachelor,73.34198943171766
17,78858.77239794467,Master,56.247405190188104
8,63625.078966901005,Bachelor,60.66008040363043
34,52950.92536724517,High School,74.8916863383687
11,102965.93727573918,Bachelor,64.53673735688088
31,58121.928625739056,High School,68.97458228490025
11,83260.01939410609,Master,75.4077751895898
38,51975.815869106445,Master,90.36872171795815
21,74191.98958767133,Bachelor,67.78214798921607
30,78560.31318303374,Master,87.69198078877443
10,64169.83941151162,Bachelor,50.412263387044064
26,12910.341546067953,Master,71.48362858681986
27,60365.04921712226,High School,66.65910792904769
8,84609.20095519951,Master,64.67541015931603
39,70549.6166605546,High School,76.58067575556854
8,68916.77750458493,Bachelor,67.8537933461478
8,25554.861320849617,Bachelor,49.750466651067825
34,45590.89858649882,Bachelor,54.11630751749418
16,68227.15262302879,High School,77.22026958356444
13,68207.66553573785,Bachelor,53.62772093075937
23,84293.33560265804,Bachelor,77.48821181180779
12,57102.66489707811,High School,71.24773487911156
27,68116.48173347628,Master,68.29715468174199
22,60327.484838625875,Bachelor,69.18525826801728
32,40261.14526996887,Master,75.14758020180084
27,14884.17337810505,Master,58.225140263935586
2,68620.19384260153,Bachelor,70.42291093997726
33,63478.944168256225,Bachelor,58.60497205918735
26,47636.49915799662,High School,71.63644776002867
28,27616.538869682703,High School,76.46476786198352
19,72594.79028817476,Bachelor,71.65945862812315
5,54681.59851608896,Master,76.0860216393059
33,71137.49444736291,High School,62.999851649067125
20,97280.97060823516,High School,69.37819945679423
30,17171.382393605905,Bachelor,67.62024186875104
8,46007.983825952724,Bachelor,66.96560612863009
38,55812.487733761736,Bachelor,61.993588355481116
17,89096.52348293301,Bachelor,65.68177450575058
1,27271.939615870302,High School,58.87295404993499
3,98717.22051361209,High School,53.05845338175419
26,62717.11803132581,High School,62.9928333945924
31,58079.986765322836,Master,76.25959648781163
8,56038.804735621874,High School,72.3406599105568
8,51274.73935639943,High School,57.43396795752746
35,80962.3351853831,Bachelor,65.93988646619613
39,38629.58491835122,High School,76.92464341364328
28,66908.28363287708,High School,65.51508630212899
4,52316.36668586049,High School,55.82233806871094
16,44757.33102971804,Bachelor,92.57628546414342
13,111719.50351367792,High School,68.3304116934705
20,68381.0146950692,High School,58.36421100000983
5,72265.31089322288,Master,71.71263525820193
37,82755.53561337324,Master,69.14396667687265
20,31573.001093629056,Master,54.585218950856316
24,95045.83818244064,Master,70.93368860803164
36,9820.856430098487,Bachelor,79.83735511395646
34,44624.67179922959,Master,67.67089792509756
34,50819.36653642199,High School,49.398014527833
19,71634.46729941011,Master,73.41921610589304
17,64374.365322829755,Bachelor,76.02900045248154
5,56663.70518603214,Master,64.13587923172088
25,59760.05310744552,Master,64.20938398660775
18,40439.53952954864,Bachelor,92.57856300257647
8,30055.352110316537,Bachelor,63.417857011578974
27,74530.2324467212,Bachelor,58.78119033665749
15,73874.12225072371,Bachelor,70.2511408402601
13,91689.88750314117,Bachelor,75.74842325770399
16,44199.65806369584,Bachelor,75.32433728710316
22,73856.30420601845,High School,45.31932245694305
20,54325.86543270537,Master,63.392684941110275
13,83809.49970386965,Master,81.52888045128739
20,80439.25553356283,Bachelor,73.26689465341705
2,64224.18798448914,Bachelor,57.64208588493574
35,53209.39686668027,High School,82.42409307896204
19,79218.64357216522,High School,79.64897719106177
37,72938.09046513132,Bachelor,67.03398391977129
6,46311.19195827635,High School,78.79467186811137
14,33444.026530411385,High School,89.9975583195802
4,54229.341986364074,Bachelor,59.45619804754584
22,90308.27630696418,Bachelor,75.5544618220293
39,82929.74317466076,Bachelor,89.85944776088007
36,37753.45060658839,Bachelor,76.5302955329553
34,36644.85168200158,Master,62.45617140635697
27,85493.67699358973,Master,72.38913240441387
7,37287.28190484342,Bachelor,83.69883259952363
3,70185.90647284016,High School,59.84233533075839
33,47678.575693273524,Bachelor,69.69903292709468
2,92340.89849043365,Master,67.56517178218267
16,44591.50401724242,High School,63.6858836324587
25,82867.23060411657,Master,72.41554868476396
15,63697.17308120729,Bachelor,68.99282745944024
24,65043.897084685734,Master,76.43350179569751
15,20593.828372971984,Master,81.40969494256431
31,15941.73293588563,Master,57.27169579546054
14,55588.68119465372,High School,70.6753106398049
14,64938.12126833224,Master,69.46873861245543
6,37496.04344524554,High School,72.03414673389582
14,38226.131790473155,Bachelor,69.84529155232954
17,71229.45259652266,Bachelor,60.19337087769966
18,71257.08960914261,Master,84.54749535370588
20,57245.17879224146,High School,88.80761146202649
17,75604.0344237215,Bachelor,75.46889703451684
16,36515.95408559707,High School,75.98101779761156
39,52881.301658260585,High School,71.31049163961174
32,92957.55211567346,Master,79.69203221779003
9,61366.44259879635,Master,45.56854694769268
27,62526.25029173998,High School,69.96137721208139
33,106118.93171935479,High School,64.27372997304488
10,32013.156683024583,Master,71.45818098021289
17,75928.6073328422,High School,80.92627565173109
36,93279.725596162,Master,70.19034176216077
17,53502.841470029074,High School,66.39507661329328
18,77192.61573709692,Master,55.96728970259552
23,40359.6100557819,High School,68.9072348778161
34,46265.35208865297,Master,76.7227769691068
8,67699.32832095269,High School,61.58911872988031
13,75971.3334622118,Bachelor,49.96660142990558
23,82418.73024812492,Bachelor,92.74240151211362
20,91392.57173878986,High School,73.35175484100697
22,58651.06882889636,Bachelor,67.78426411409042
23,83872.23510345176,High School,83.90994805204372
35,53153.90313101702,High School,71.41479341483804
3,78041.82623176536,Bachelor,83.32031811631234
34,64149.77595704363,High School,82.46361215877224
33,68913.55814163848,Master,57.254791261148696
17,68470.15748044074,High School,74.59994616413056
19,27905.89980404376,High School,87.25285656969345
30,37517.56282278453,Bachelor,60.01349309652193
23,62050.82879635045,Master,60.13625407947657
15,26254.41840717663,High School,61.82798930497986
14,76624.22206399511,High School,78.90418585490207
2,77431.11932576283,High School,72.84385712863593
39,66543.4110575558,High School,50.64227669160374
18,37577.31974484156,High School,73.40946123516933
6,87602.77877737029,High School,67.48085067128842
32,100744.21279436717,Master,68.87724131349832
21,62941.53654891948,Master,61.629799035588846
28,70210.70756902473,High School,73.48258221514133
27,64034.77309592088,High School,80.50458280306958
2,70607.383779976,Bachelor,63.5803363266752
33,57608.82486747208,Master,53.17543969063082
16,59308.71520312393,Master,66.96885678483285
39,78114.35200994731,High School,77.5628672860223
22,106912.48323792881,Master,65.78969654137505
13,31998.575311965225,Master,55.02451038839839
2,57923.75031194066,Bachelor,77.6324284891938
14,36390.790295358354,Bachelor,84.15348146998312
38,91840.49797152166,Master,70.20015550110924
28,48245.24061360203,Master,53.94209140018402
7,31135.98412428412,Master,66.82169457980456
18,72763.73997697147,High School,71.51538880825271
36,94886.22229486222,Bachelor,61.90286692748274
36,73271.95737121525,High School,75.83372231271414
4,64095.957545638346,Bachelor,60.925388851002005
30,68182.81845551988,Bachelor,70.25627672402025
24,88296.81325651109,Bachelor,67.71677915661637
20,42516.014599717004,Master,76.15854798150086
31,57763.05791827374,Bachelor,69.85730822405442
24,50946.19702980934,High School,68.0350829992074
7,36642.693854165795,Bachelor,61.97134759766071
26,53432.49481166395,High School,70.34769014593269
13,82154.42191964897,Bachelor,67.39792498641059
8,71332.0429678545,Bachelor,61.294697437719925
5,72886.210002164,Master,71.59491024418433
13,62929.512233066365,High School,73.63971340056098
29,70466.47565457177,Bachelor,66.61592777943184
20,43988.19315303789,Bachelor,79.31569231063757
14,53809.80228145541,High School,72.63974309436158
32,63840.08473937353,Bachelor,57.16146113141361
27,65550.3171776378,Master,83.37393994913683
25,66403.75709843746,High School,77.66987931380037
4,57233.29435967244,Master,80.0183121126153
21,52451.5319773934,High School,74.0050295686277
18,123155.42566088596,High School,46.62272859472979
39,78135.74545864797,High School,80.92618591256826
15,68262.94951905245,Bachelor,70.60787683319984
38,55335.83003587212,High School,73.53219181830795
24,50975.623461122465,High School,75.40384047773665
8,57383.988125460884,High School,89.36277112644564
28,65856.57687173368,Master,64.53776315533894
21,22391.289118738372,High School,64.79597009760549
16,28612.208092506327,Bachelor,61.489654782904324
16,47262.35222122085,High School,59.30057448604883
35,64142.78873557137,High School,59.48468766415305
17,55214.537056962974,Master,51.48235253729582
9,89562.42452198968,Bachelor,74.26655810592476
35,30352.064260084622,Bachelor,89.87806564762086
29,44973.090607932594,Bachelor,90.5157432182022
39,90401.83481982202,High School,61.476318759579996
18,62622.386493502934,High School,67.27845622360762
12,77696.85165602317,Bachelor,82.33342180450796
19,101024.93886538927,Bachelor,74.32346964207784
22,46123.91164196355,Master,71.34515671594616
15,58013.71324415936,Bachelor,67.43265421157432
1,54551.46198138257,High School,81.7830144494321
2,20908.13991033449,High School,59.26949041293534
8,53792.06392488062,High School,74.80875065445966
22,77621.2437476133,Master,73.44933842522612
25,70811.79083624482,Bachelor,70.4337195668335
2,72381.6633877602,High School,77.87729657433586
9,52489.82038721001,Master,70.33737294932801
9,46878.05527988717,Master,64.65472410062553
13,85385.11343797241,High School,70.92511308982142
6,50053.65707284661,Master,54.078963303621734
30,65881.64077586427,Master,76.12714731196567
15,63266.69361355077,High School,78.68229253499574
15,89234.34032514237,Master,63.433854685538435
7,79428.2471534472,High School,61.054887783817264
11,34094.827586657586,High School,63.80248343328919
38,36248.9366644992,Master,69.3697702262011
2,71578.19636138268,High School,72.15885958035597
39,58713.24705241667,High School,86.1549194389008
10,50896.56432092472,Bachelor,84.89091016111155
17,80312.55767988942,High School,78.31542665072533
7,63749.18764177822,Bachelor,71.21260662349185
39,61049.14773778888,Bachelor,60.73075913900392
4,75596.572815101,Bachelor,86.79637233421262
35,52497.82010112871,Bachelor,67.52357869317692
36,91370.37970945108,Master,72.81374133935252
31,44239.047535339836,Master,76.27352388544367
25,73138.58132684176,High School,70.61595855372677
13,88676.6567731969,High School,81.51097345448822
18,32454.090214558004,High School,74.55391944102519
21,53133.29648295102,Master,79.88638522139262
1,82844.14785771116,Bachelor,74.47345559306338
36,83144.8909546205,Master,69.62100337781435
8,56570.08799223522,Master,70.74185611522165
21,45306.57812646281,High School,69.37759521675999
21,79118.71644661525,High School,57.1571418157055
27,83670.98205163209,High School,59.991805390163826
19,36706.733029752104,Bachelor,77.40547535823681
23,35921.72702067239,Bachelor,57.40628725034037
35,64505.13363967199,Master,65.95776709624813
5,72587.21266857783,Bachelor,59.498964305333324
8,54018.618295398905,High School,65.42281051961182
11,73585.87639964698,Bachelor,68.4473069589624
16,45797.26786325236,Bachelor,65.93766241633524
39,17706.12801852529,Bachelor,55.71635572749927
24,51521.978553348075,Bachelor,68.14469497653536
21,61264.64293026202,High School,60.41103838552103
23,54483.20080207087,High School,63.634427902738985
38,36827.9347268103,Master,77.40520153299995
8,23687.02048242365,Master,79.55392996457357
7,49718.223912642046,Master,56.890291642771096
2,77953.11543299488,Bachelor,85.68665897078147
30,85123.94878827364,Bachelor,64.89913423281021
13,83754.2676827691,High School,63.98989879368108
23,43681.80929702894,Master,61.08345212659219
29,36925.873527392716,High School,70.55912074986537
38,69932.69229959791,Master,89.81550250048936
37,72702.0002319585,Master,54.603405810471116
20,68003.39210400995,Master,49.43113736578425
33,19718.73451524473,Bachelor,72.6851052574709
29,42662.30830233067,Master,75.69339172925298
15,59406.22419428043,Master,70.52672209815219
23,69744.36389260854,Bachelor,75.95799475416332
3,75346.14725204973,Master,58.68739006609961
37,62885.0704456408,Bachelor,60.55130227704245
29,66615.67613076472,Bachelor,71.23957932505897
8,61697.30916722208,High School,87.58069360728825
22,73712.38748436965,Bachelor,75.60680660090051
29,66257.31302981822,Bachelor,76.07203989744245
2,61314.75320094575,Bachelor,59.263235044327494
1,54632.62401725238,Master,74.22405082831922
20,61625.828500849624,High School,58.178507511982026
21,69691.8275767855,Master,87.6775735796021
37,65349.507777961226,Bachelor,59.88072690636626
8,67616.52836690507,Bachelor,62.03519381501638
27,86854.4372270237,High School,55.26924356935386
35,65303.278454931744,High School,70.85816319556395
6,47020.02959053685,Bachelor,70.43791647863108
19,77672.13571988337,Bachelor,85.13241081176713
18,32676.03324662165,Master,77.76414918638432
1,38371.73238521426,Bachelor,62.0923328674495
25,66716.94529440138,Master,78.73395536417283
27,70327.93335573157,High School,57.56484327675908
7,35098.9755299201,Master,62.81646961169357
29,52343.650380265,Bachelor,71.1845954873922
31,47878.32335560683,Master,58.68113621467401
36,50266.47354236807,Master,80.64658850408142
19,78871.95552545892,High School,92.79312834848022
6,74130.10927094506,Master,67.05477909187363
25,59617.55640292585,Bachelor,63.48313081308797
31,49080.76145770145,Master,68.70410389325954
9,33007.00659559719,Master,64.42627671487995
20,88403.69877563897,Master,72.61730438193884
10,71842.27800569838,Bachelor,56.775955192971736
37,45866.61791853719,Master,73.18506398601374
27,74391.98995249782,Bachelor,89.11923238569825
13,58595.52758850749,Master,49.97857446759449
2,54257.80990275314,High School,58.313525700596884
21,68704.23056579205,High School,65.54942656112748
33,45170.0350017455,High School,75.41892820475906
24,53124.869609797795,Bachelor,78.90382095765048
34,62429.22128399092,Bachelor,78.09934492500835
9,50010.97614229573,Bachelor,53.082981774050054
2,73381.70420535048,Master,63.25654173403701
30,97381.33007356522,Bachelor,60.99683091881916
22,44914.03734785714,Bachelor,69.34801115650176
11,26697.494073919115,Bachelor,70.18280085758822
17,19965.19665047477,Bachelor,56.30772886529422
36,56990.63717010035,High School,65.60445644914239
13,46736.70819747634,Master,75.80518545595704
7,64157.21002134161,High School,63.716691654104494
16,62651.95344052202,Master,67.99766664609973
33,27935.663067718076,Master,86.9688981958064
1,23702.32341037188,High School,89.90029513519175
11,65918.66480692191,Bachelor,48.386389073746415
6,62708.57669439914,High School,71.1389757199848
20,51483.640032668976,Master,99.17032771208656
35,26857.128297353906,Master,74.78846867832576
37,69427.82525529982,Bachelor,70.18490058947155
26,85437.99090847887,High School,83.12688178449649
12,65559.64880437845,Master,72.18092806461667
30,43050.52218869871,High School,77.09137145511336
28,60891.043311423025,Bachelor,67.89695505007957
27,32677.7183813263,Bachelor,72.03510360414917
19,81159.21427677585,Master,74.266306900422
5,61636.88669059078,Bachelor,78.65558765673985
5,24636.861764935362,Master,65.6827931791058
27,53986.51279112635,Master,65.41100912209122
28,69266.03020468462,Bachelor,50.72517572465906
26,53339.047580489554,Bachelor,66.12848944150176
27,54482.08557119652,High School,79.53035365097757
21,35511.955859054564,High School,74.63224456000134
1,71330.81974163312,Master,60.03248097594234
28,47030.61599961725,High School,50.961375248757996
15,16871.092459899344,Master,68.57579264912435
17,52574.852586592126,Bachelor,79.23777852643977
26,79622.99431140706,Bachelor,65.21101668190184
20,52261.41106800105,High School,55.550774958542014
25,94759.6997024704,Master,64.10492827695386
13,68579.35897097034,Master,73.26158863915764
33,66775.16324560733,High School,82.42437286525691
25,57432.03468164782,Master,67.43304971875612
8,58634.27584471419,Master,80.54892412551747
5,54731.52729760992,Bachelor,79.44042148149084
6,53954.61215834947,Master,58.23334842614513
23,70617.34324134298,Master,82.50708118269151
30,41283.375404188686,Master,72.95112767077143
14,38482.12342551481,High School,57.933169462557814
23,37536.09898249245,High School,87.60831339937732
11,100913.09095354308,High School,68.74424412069916
31,70606.8580334116,Master,50.56556847689083
6,66089.8440336029,Master,62.93733652095891
11,38849.70659413137,High School,60.47545758284774
13,72466.84601349657,High School,63.18260065885132
12,57668.573070933424,Master,65.54814587841753
2,64283.378822635,Master,67.4261073371507
35,40467.59368272888,Bachelor,67.04997291482864
36,63205.37714835154,High School,69.02514774022941
17,51523.32923587033,Master,75.87393386417554
28,44687.77685939625,High School,62.53563640772718
28,74682.12671614498,High School,81.81000531003946
22,29245.84382939995,High School,57.74816501428326
38,71295.52528628301,Bachelor,76.15118855825425
7,73689.72267105992,Master,86.43271327685935
15,42407.12648897519,Master,68.2264345136009
32,43593.43077735065,High School,71.9346537098824
11,55539.48637467196,Master,60.32027609624528
24,65640.7242092444,Bachelor,64.88218275874974
3,56942.90016371549,High School,85.67678537214654
30,68671.2492038376,Bachelor,77.48482294383642
6,95259.59305074798,Bachelor,74.18544320093973
2,49845.66461700572,Master,50.62025452783452
14,25696.400585931588,Master,62.835270989334155
18,76518.47166061307,Bachelor,87.38991810326853
31,93666.2915185506,Master,74.1083196312415
13,67855.36726102249,Bachelor,75.35595396844047
26,38245.02649292664,Bachelor,71.70555153946106
12,57522.15273529598,High School,63.87010511066454
18,37629.530315767355,Bachelor,73.32541590456444
9,72857.10987925895,Bachelor,54.697858541774906
21,32974.19194603131,Master,53.945453009609224
24,53997.424263436,High School,62.647252806224444
34,39913.243474121875,Master,71.92164236033265
8,62536.49370269924,High School,54.303268749715265
33,52673.16645724485,Master,71.270426920149
23,63535.24206500527,Bachelor,60.05440753668529
13,60447.01109932731,High School,61.40174529212105
14,40266.81944551779,High School,82.99588477665206
14,72537.54127058043,High School,70.37294079820661
16,59024.68696313769,High School,60.96194621564452
38,40229.41984268199,Master,71.86833472760952
39,104818.53112411585,Master,55.303816959937095
26,69528.6033343425,High School,73.82330327799887
26,56934.78893201389,High School,81.07318186515934
1,88304.09053403647,High School,76.61728735021597
32,96836.31218773214,Master,91.57714304437968
15,57093.011553722296,High School,50.61608938737785
21,66947.94972869524,High School,71.26969080079787
18,40239.94363994118,High School,56.564992701754804
30,57056.14498463977,Master,68.26778568648234
13,56018.7489248026,Bachelor,70.01543968412253
24,63696.54067243308,Bachelor,92.79845482974514
30,66655.2095727402,Master,69.40222889607666
2,71196.5689765612,Bachelor,69.2156977971535
19,64752.85312599918,High School,80.0515910669009
25,35785.14746741671,High School,69.47178260472423
14,41230.6578851783,Master,88.31147075254631
6,49071.84761072654,Master,76.69684489316505
12,54355.18816153542,Bachelor,78.28503079820017
20,81015.48580944227,Bachelor,51.324360635612436
23,36741.220262941744,High School,89.85212818836553
30,52851.699036586004,Master,63.43541079697938
30,79060.18996428099,Bachelor,69.90269832491656
38,54002.450510067756,Bachelor,63.47296094864653
30,69208.31299685648,High School,59.757486893721264
30,57209.15914144193,High School,57.9783163282566
36,65135.66514649446,High School,71.03241658699085
34,55430.54912380919,High School,50.301032065594015
16,73341.30945456708,Bachelor,67.5719771268805
24,29098.871851871296,Master,80.57768647302237
14,52733.7598322291,Master,76.31942237742184
26,65931.45353388616,High School,74.32435387656061
8,70673.90496012385,High School,61.04615457808441
14,89859.05245507655,Bachelor,54.13904807681089
31,52179.50666268847,High School,80.41794119021594
2,89589.63523721746,Master,65.51040184059826
4,46819.52346680659,High School,69.16921559036116
1,86572.92823089287,Master,68.02405431277641
20,76349.34253396744,High School,76.72392969880875
14,41730.82840735554,High School,88.43316046125959
25,66140.78474503644,Master,84.62374151423428
25,58975.28328935617,Bachelor,46.67761484803677
3,72511.6918735,Bachelor,66.91461028710961
5,55534.56823133381,High School,56.532564814814606
38,53855.075486765374,High School,79.38428857580185
26,87381.89165525703,Master,70.03983481624084
38,58025.58211088654,Master,76.06151871535361
38,76528.44648383533,High School,66.05875529442208
4,55492.970299116,Master,59.606283940690204
7,93333.26518455046,Bachelor,61.317192682000396
30,46433.30741329013,Bachelor,54.66987332742269
30,47717.129375056305,Master,57.363659304984296
19,90490.34362231806,Master,55.25706944491469
39,51101.07218209494,Master,59.642973221868886
35,92021.48612328785,Bachelor,59.07721835968817
33,77836.81159189626,High School,73.94093105028219
33,56907.00586878333,Master,73.54861644654999
14,23734.130559656827,Master,73.93004206858186
38,59613.63391456329,Master,81.7499536225158
10,62032.60107066849,High School,69.21662108623885
28,83344.35466608746,Master,62.19185402917088
14,91768.94352480223,Master,92.11403575930203
36,46300.25641712505,Bachelor,79.05645903303797
38,76023.63527976365,Master,71.52319793204558
16,75308.04312026699,Bachelor,70.8287445399233
21,81468.25404820891,High School,72.896535209003
28,69973.7982427109,Master,67.97898719645782
33,21150.0461807646,Master,71.28224541503822
6,56891.55134944481,Bachelor,74.99379660615796
15,36885.84850166169,High School,62.734637860344556
3,55947.88454163852,High School,53.65884148162965
35,79600.08472267789,Bachelor,49.24357232110384
14,66103.01671749946,High School,78.87898818933715
2,82961.81732794865,High School,54.170758372825475
29,66835.07841427079,High School,74.65343993957876
4,34033.481206621946,High School,58.45644104951866
26,9583.059868545308,High School,58.6175405394007
12,62976.175233591806,High School,62.818012394942386
2,55721.47067297669,High School,71.94132152005643
17,40461.08521236236,High School,57.11408291622408
35,25987.455006972443,Master,63.83067529705881
10,45305.135730545815,Bachelor,69.74280927819443
22,56110.17030270448,High School,57.89738209153061
21,73317.5564741278,Bachelor,84.2823421447469
15,63772.6216313596,High School,52.774622574061986
35,92161.34494345458,High School,67.81830817549171
21,39287.91887909212,Master,82.72540632585502
21,77621.17784114866,Bachelor,56.75533436109388
21,60945.974862574556,Bachelor,68.90374149512284
32,73893.38248237169,Master,71.32858682667248
5,51269.70273468913,Master,61.93229547997481
39,81433.60747781179,Bachelor,69.22517225668113
9,65904.49516690486,High School,75.61444460859951
18,46411.10030164501,High School,65.32859301682109
21,59759.51942173624,Bachelor,77.64329614130386
8,55208.88282125801,High School,73.9273094038199
34,69783.56701275587,Master,64.17099798846567
10,36404.46501250983,Master,81.2745436712255
24,59412.96595768611,Master,62.590628863168774
24,67906.14505298661,Bachelor,78.55893305405213
32,60660.46614386066,Bachelor,62.76984301713932
33,86938.82488777992,Bachelor,66.83926641158264
38,75480.45548142106,High School,68.37355710222856
34,59850.38406518507,Bachelor,73.38583090886361
11,64333.78194995346,Bachelor,45.86551829716524
31,65913.31102964,Master,74.58015551489856
18,68065.99208333647,High School,68.97520776857591
23,23486.840086707838,High School,72.85740161276591
22,53969.47408461306,Master,75.02488323622103
18,30311.218636131474,High School,73.93808837991264
39,85565.61894918972,Bachelor,49.926391477409474
20,58783.00959994145,High School,59.389894012119775
13,56133.18100640755,Master,73.32815934326064
1,77935.94664066471,High School,71.99696196625398
4,68446.4959489975,Master,62.10446314483679
24,37427.30971241585,Bachelor,77.37639200059881
36,58581.89274945262,Bachelor,67.4357483087142
36,53296.6605354723,Master,78.85726353881854
2,25109.342227878922,Bachelor,82.10021311445743
28,46194.475335255906,Bachelor,72.78302051563178
26,56329.19355967069,High School,75.55552481832557
23,57700.98137016315,Bachelor,63.915399185677394
15,30355.371526453826,Master,78.92209872809985
36,83033.31166094952,Bachelor,72.18124369681003
27,57957.93882217122,High School,67.05288961155819
6,60751.06153321126,Master,57.81181666782344
35,68012.83276679674,Bachelor,65.145586308959
39,44238.47492192658,Bachelor,58.905244551602564
38,69127.11946265392,Bachelor,77.61489738939362
35,52658.50707963634,Master,82.20429909588864
36,42068.28918705617,High School,79.16269198929871
10,71468.94986710798,Master,94.86020246277673
30,89833.47717603616,Master,65.39593078503026
38,74496.58746971663,High School,75.9657234488355
29,78459.55130280861,Master,58.18645035417155
39,49587.38786875402,Master,68.027493596477
4,28047.60541663087,Bachelor,55.22650791145123
5,89802.75044199682,Master,75.6819431730479
4,101090.2977880952,Bachelor,66.44508337085799
36,90856.13547539365,Master,49.45417975138083
16,53284.281220405006,Bachelor,63.14981557064936
25,36907.31322542312,Bachelor,87.93114327607496
14,38686.34604360867,Bachelor,74.10429887250902
11,26325.348647719024,High School,77.6909266295575
29,57852.427631799095,Master,71.25545279299763
34,92113.55916164909,Master,68.18441078404767
22,57166.747362555136,Master,70.15579013809551
14,66046.45800696549,High School,72.45432724223785
24,87511.93928608418,Bachelor,59.03347554398984
39,51918.09376335201,Master,77.63062015738554
26,100710.6291343919,High School,81.21827491987482
36,99841.88814994907,High School,68.03410603055669
39,57377.773226390345,Master,64.76959570383414
16,48449.314719615744,Bachelor,62.58091000355196
38,73944.76092780626,High School,87.59216603562429
32,53049.50114962284,Master,65.47729160806443
6,36868.89565865327,Bachelor,76.5331431421454
34,85624.7730704596,High School,68.10426304517344
8,84328.9477455416,High School,67.56369944282069
30,63110.23207527122,Master,62.35250299794277
27,34742.70492543644,Master,60.29700503905984
7,35409.47497565228,Bachelor,77.3992076024655
27,62144.585768383055,Master,60.070775199699305
25,50002.57930989936,Master,74.62519239592078
15,53178.141357167835,Bachelor,70.90583923481496
25,80439.26310120006,Master,77.52638534479237
22,74663.58634845115,Bachelor,63.900460894094444
18,87562.85360995226,Bachelor,80.80144166520095
12,40187.53553245484,Bachelor,68.58809417909663
23,53136.16862626576,Master,95.91694721309563
39,75179.63390920225,Bachelor,53.8582366503516
25,68961.56682025784,Master,94.28934738076904
10,90647.60765175243,Bachelor,68.73634001943861
30,68410.73411808138,Master,72.22802101718861
10,96962.18208211105,Bachelor,63.95710568390851
34,70800.35603446282,High School,54.31118706976612
13,81243.34895177321,High School,64.71603227979624
29,53529.70106431086,High School,66.34313015127545
38,60285.744237679784,Bachelor,71.8280171273074
9,78218.8880767895,Master,81.21138345010351
13,92259.56341186109,Bachelor,71.90730726607114
37,74584.73898621506,Bachelor,72.0814176328264
14,58336.56456130761,Bachelor,73.84367716516806
37,87546.70059056683,Bachelor,52.45069806883751
9,16160.42687440238,Master,53.374754978639075
8,31555.30996986253,Bachelor,55.03011011135701
39,73632.68447336779,High School,66.26726142004645
3,60282.1671250625,High School,51.2828488027596
33,72110.2730224833,High School,63.10212455270894
32,61288.150448638844,Bachelor,56.317507550189845
7,71418.91389207746,Master,74.87715426198682
19,43711.94358013618,Master,74.3765562890825
34,71409.72172159381,Master,66.99355960264035
14,79888.29056415168,Bachelor,51.00039081833057
19,84411.01207862466,Master,67.62856090563824
26,100271.08589297399,High School,73.28626115376103
17,64881.968870047735,Master,78.10726667239015
28,65478.22173694358,Bachelor,87.5340462731297
19,29536.550716523045,Bachelor,81.18498180421683
27,49371.7719772315,Master,71.6477652906793
19,56138.35851986775,Bachelor,67.14758659692625
33,81006.3910455271,Master,62.5706590370872
7,47779.977518207415,Master,83.55661895889928
29,75926.80039497664,High School,71.66590579699107
5,59967.5656607324,Bachelor,76.30544208683452
30,56456.63769770476,High School,64.09780262070643
8,64977.87938266513,Bachelor,57.590909344901924
12,52176.87255494315,Master,65.99662281727272
13,51419.255038146686,Bachelor,66.97071734194374
26,25904.281884197713,Master,71.91772433644138
18,55040.91585344221,Bachelor,62.625661110160245
20,50400.63707702547,High School,70.24969863381965
16,49680.380213018405,High School,81.77706354355018
37,68337.4612518008,Master,53.270383904628645
3,73172.6390558102,High School,48.83097408043652
27,64643.89009284655,Master,82.45913848618457
15,79908.3038089895,Master,55.36373541967713
34,71511.2385166073,Master,66.19928033107546
22,54098.87620388716,Bachelor,76.08479681306487
23,50742.8742857124,Master,69.40773831329227
4,66256.44473533693,High School,69.26712120996426
23,71475.34219803802,Bachelor,70.72396647818299
9,87956.88614062997,High School,95.18714099294463
24,83823.46089880192,Master,87.80624955917214
21,49170.53986985662,Master,63.062746911316154
16,57959.87439745477,High School,80.5088824094687
25,73420.3560983554,Bachelor,75.05507757591796
26,81359.95556117943,High School,69.80485197248298
9,78779.38937409584,Master,60.92131191522591
15,58722.44334337307,Bachelor,74.51368031445466
39,34919.54695142967,Master,66.93954534935583
33,40021.272475088175,Master,66.2043992507084
1,65452.67028638828,High School,62.329286486811284
5,66844.51158848692,Master,79.99823521062427
9,38026.4125313123,High School,62.32261981370618
6,60891.39221778543,Bachelor,62.38354761064237
28,72624.48713943566,Master,77.77937767580306
26,36975.46684985711,Master,68.55669532196906
28,82099.94403608829,Bachelor,68.82581476214041
15,52449.377028803494,High School,80.32893484091672
6,85152.26225153301,Master,83.13700611791936
27,49330.95108448199,Bachelor,48.721542780664784
38,39467.49034231642,Master,68.71225745215754
4,50837.260203165606,High School,55.89735471826003
11,58097.037538453595,High School,66.13206662142674
21,52230.40186457038,High School,69.93263843885897
30,55679.97156853773,High School,66.45145426925784
18,66679.3029935238,Bachelor,59.747245693302986
35,56576.412604072015,Master,59.23993362285205
3,58677.752120959856,Bachelor,77.2794138903225
12,25815.47201594808,High School,85.34809806103857
27,67833.96032020946,High School,49.395230710665004
30,58215.93404616664,High School,66.72381333934484
21,92205.85960965742,High School,77.31964137394317
38,41208.69665492084,Master,69.67396239599151
21,23834.093430009714,High School,58.86313378094461
38,72361.36987860085,Master,65.22210595936423
15,66930.54036626001,High School,73.02150237431859
18,39831.33958937708,Master,66.92807890619645
29,29405.02089991817,Master,69.5202006608144
38,90747.9346136858,High School,69.80839502418358
21,88282.20781213563,Bachelor,64.75718390341704
17,10250.864825877412,Bachelor,78.16569023971034
18,50835.539414869985,Bachelor,65.22508403158899
37,93283.84109567798,Bachelor,59.94532007767758
38,50478.74884444266,Bachelor,92.29639433423198
12,50187.755319466945,High School,69.22205910562583
11,54344.813447412635,High School,43.99879299801017
20,37582.060524636814,High School,82.54744837337654
9,25904.485115439114,High School,82.515288692139
1,81050.94621469497,High School,74.57175531157031
3,23141.261875046483,High School,76.31635209820669
21,64945.42904217512,Master,91.59742312668136
23,77731.589855153,Master,60.37198236031502
9,30975.474021976832,High School,71.33240053974812
19,41514.63194809857,High School,89.6970267905112
19,84263.58376783179,Master,91.81569080968208
23,70657.8344045408,Master,66.33907687092263
27,47654.28586242226,High School,90.10150850089133
27,84044.98006722343,Master,78.02630701323616
39,84130.71446908604,Bachelor,84.9521449786857
36,65381.05386031414,Bachelor,77.69820903157786
12,41996.79544252674,Bachelor,73.05446243860374
27,51731.025930564094,Master,92.09387125902919
34,65727.7348791078,High School,64.71390035762258
33,56228.10341705024,High School,89.02283140353971
28,78779.14356469703,High School,90.60688933727918
31,29404.518397813274,Master,83.63048321276752
32,30114.729418675226,Master,69.28271018189
20,63617.42222964865,Bachelor,72.44435347979018
35,50169.111723861904,Master,57.251943847271235
31,47459.027706045184,Bachelor,65.4742003005681
31,24638.865616512056,Bachelor,76.20711753105178
38,60390.91689596364,High School,55.73287694233369
22,58944.89783998469,Master,67.02088672001929
9,73069.57963903481,High School,89.44828641568104
9,61378.12266241944,High School,68.45635927226117
15,57347.91843519006,Master,80.33628335487516
13,83540.01273580674,Master,75.66502455055219
22,33750.653931029,Bachelor,66.92310563493098
16,70727.78437695152,Bachelor,68.44951341148368
32,26577.056704093025,Bachelor,71.66865247441655
2,43232.76239998385,Bachelor,49.489775114739025
26,35746.857347533725,High School,79.46974800875506
14,75638.85070903836,High School,68.81619924945869
38,58691.79532809212,Master,79.81917163268892
34,59729.93510814047,Bachelor,73.88200613551956
8,37865.34024541098,Bachelor,68.3744038252493
36,54006.13008134221,Bachelor,71.97548628050149
21,44730.69393381777,High School,72.00910937328415
28,67669.10029708433,Master,84.76190099729804
6,40178.17729336773,High School,70.62654492778657
20,86595.88730410152,Master,72.88165507642087
31,26488.391007518112,Master,57.381102172732255
33,43869.60335086877,High School,69.52956551701519
7,93544.01019932193,High School,84.5431010179649
8,51297.22504075931,Master,74.28821006012149
9,33702.42671191176,High School,59.18987930237439
2,64381.431250753376,High School,60.261716640917946
17,50492.15515570916,Master,62.58504572589332
37,43282.59488763388,Master,79.99631043593483
17,38082.58378402566,Bachelor,78.76540512292303
38,115367.47211251887,High School,35.45745147159002
35,54968.96199631727,Master,69.18614305715879
39,21488.65279334246,High School,71.47638100386916
30,89874.19518011069,High School,60.37856471140685
6,72221.4181022114,Master,66.0952500305611
4,44670.671379604246,Bachelor,83.30998549129697
37,41337.61822627716,Master,74.08843211814504
35,73469.45592316461,Master,65.00417359688161
9,55061.63345021091,High School,68.12691638391959
6,21480.443631097973,Bachelor,67.72126871004437
13,95744.79929209338,Master,72.81955198185499
22,51320.19075568086,High School,55.70269343763992
28,89911.43472964852,Master,63.30244700210053
30,85568.6991593143,High School,80.35396449804743
36,39979.80911034372,Master,69.27433513040809
2,80663.79728726296,Bachelor,61.50091747239875
36,46971.14900272638,Master,61.913399583422866
8,22665.988263921165,High School,77.20843602130685
9,51508.036679557146,Master,64.82194734669883
1,67952.75003552558,Bachelor,75.10903379086582
13,50745.267040073246,Bachelor,63.73165679108523
15,53859.03318149797,Bachelor,58.70035107333345
32,82871.32089857226,Bachelor,72.44447958497453
34,62129.879605801834,High School,69.02618994086532
31,43134.03377430095,Master,76.85124338415307
14,74040.60647334653,Bachelor,78.841243210314
14,63953.5113390849,Master,66.42033111246602
29,9567.903970759144,High School,73.48933827351114
19,68567.05827542898,Master,66.11190214540626
27,67836.57415432204,Master,76.33646964071389
9,60402.4225916172,Bachelor,72.33415461107309
37,77834.0116213915,Bachelor,63.76163482637226
37,46552.128313469955,High School,62.924221089814864
28,66729.99577641801,Master,72.68667925103836
24,28660.812576652945,High School,81.62191052652582
28,68141.80766797664,High School,79.01296211206025
36,99061.19391079793,High School,60.56990596020095
18,40102.87295064918,Bachelor,61.62156703977444
25,44803.957360244494,Bachelor,63.09522288433578
35,45799.69114216896,Master,64.03437070415347
4,62599.964516031905,Master,51.83339896480895
14,38739.27454292563,Master,77.90043204129721
39,68424.9475738196,Bachelor,65.44117264627981
26,76936.7989093833,Bachelor,74.62074255897517
8,70686.94426907568,High School,66.84241991782905
24,24631.691487238553,Bachelor,69.7703409968555
16,79903.35330317213,High School,63.148141215894924
20,78747.34828507359,High School,69.71742246701761
15,76603.22744692609,Bachelor,61.28754188185489
7,67456.8449731165,High School,69.79160447228763
17,64403.78628410266,High School,84.57223075065956
22,80647.78796252793,Master,75.20604718161005
22,98470.26975206909,High School,72.91051901026363
12,40939.190732703006,Bachelor,56.80259181966006
18,81562.50791589543,Bachelor,75.67256402058
15,58275.65803985095,High School,76.64453384359754
37,57406.538959427984,Master,72.68265709532201
16,29269.386192359234,Bachelor,72.14282491738132
5,54304.2118096921,Bachelor,68.59818806389143
2,40054.70084063169,Master,76.49402515822463
28,50722.91140988108,High School,83.97010554986522
27,38036.272324437,Bachelor,73.30528172905416
31,51021.83225373987,High School,60.28282820723073
36,51877.79285953193,High School,61.04782855847445
1,61935.09836877601,High School,77.26239873270964
29,27705.00275417338,High School,60.364085949792795
1,31089.637045093532,Bachelor,72.0105498731057
8,67238.28541461052,Master,66.5445725858251
16,44051.237658598024,Bachelor,59.27764046644694
28,81490.59580459862,Master,78.32269588574208
22,64505.39444030094,High School,77.06770387061896
18,72135.24300412815,Master,56.44350696731981
22,88213.8464084179,High School,74.81443462311827
12,53805.783763868545,Bachelor,73.35259994949372
19,48510.265891674484,Bachelor,78.37457202358512
25,77434.05171197627,Master,71.66781938655643
5,70190.27127859372,High School,84.26836141755652
34,56253.393803573985,High School,68.73339118469225
39,87829.15933911884,Master,67.27905602515833
10,55755.11380320139,High School,60.2520912240216
7,60655.47275111563,High School,60.660580925819914
37,60424.45301668517,High School,59.755150009845615
15,41308.12210203058,Bachelor,72.18399645410773
24,61551.70778972782,Bachelor,67.30900681323533
26,87935.20354796982,Bachelor,73.30693226656855
26,68899.36630752351,High School,57.907512455383966
26,60621.26852797863,Bachelor,61.44307799826272
10,56764.65437668662,High School,61.27456623224491
17,66617.34056812702,High School,91.69270735125684
14,74995.3325697837,Master,68.34318671088631
2,72184.77661779505,High School,69.33633678228946
13,53362.70276356042,Bachelor,69.22546992733727
27,66495.63188220229,Bachelor,85.52829320198843
9,69598.79482296557,High School,53.86660598250536
7,39856.10024946043,Bachelor,69.40100475685736
10,63364.61082367389,High School,53.77285949654154
9,16773.92227395276,Master,46.20185717569638
22,69650.6741964237,High School,62.65760052308358
23,73206.86109125364,High School,74.12163846503503
7,74950.92251572918,Master,62.02219273925809
9,52099.06295660865,Bachelor,73.95765151525123
27,66180.9367004807,Master,71.06476304504827
24,88479.07691082334,Master,68.60934401530793
29,88275.39296582517,High School,82.64963559771658
17,59416.54601546879,High School,64.03963450152469
20,62786.3926145912,Master,73.80655421360278
7,82218.22289468866,Bachelor,51.96913238254878
7,29983.959694756504,Master,70.98779437551059
28,53538.48514645951,Bachelor,67.42783963155304
19,86711.40911073513,Master,58.177535980116
20,79504.01083369533,Master,73.98498778728406
39,67385.2755529981,Bachelor,62.61048976098126
7,29883.35189338759,Master,87.32184577177566
6,59001.79533917676,High School,45.661834946550734
25,48201.69207500134,Master,72.48258541761683
13,66620.77805634426,High School,70.42697274458443
39,43813.066304102394,Bachelor,67.19136244425036
22,39485.53210050785,Bachelor,64.70764299476988
17,18702.694446327165,High School,70.68628199932756
22,84436.09369953403,Master,80.62191307627191
34,52004.58977113885,High School,53.27814490923868
8,63142.91567405069,High School,61.94013103189816
18,59955.23767051638,Bachelor,59.4968286567786
24,38651.32134079001,High School,59.027077302773066
2,34818.70177103613,Master,73.42749005435427
2,39893.697480055285,High School,75.89337284733848
27,45536.63122341214,Bachelor,80.65102868732038
14,67332.1249402761,Master,76.05097832629585
39,44085.64672958777,Bachelor,76.86141924241767
12,94929.81263189243,High School,55.881917792586776
32,80543.02071786302,High School,84.83563241625959
28,76167.19099331417,Bachelor,67.9024246924549
28,57606.821950537,Bachelor,80.3299607909639
25,90285.61471440968,Master,56.23832983582066
4,55639.88737757752,Bachelor,67.58580164481775
26,59374.77171691508,Bachelor,79.43015908567737
36,63399.49079498539,High School,70.27924442679476
3,74036.46081086688,High School,62.46030114709591
1,72738.1615800597,Bachelor,83.09813335192123
17,50497.49443110794,Bachelor,58.28585607906011
7,49340.12561148092,High School,69.79573257752989
5,72798.0591430417,Master,76.40170710882646
19,74304.73167782466,Master,90.95690329960365
39,52132.97750354254,Master,65.41644407254294
34,28256.23860643092,Master,67.23548746340164
35,55853.67807983511,High School,65.55308866649526
16,72470.51597651717,Bachelor,72.38470158914548
39,96108.33692839561,Master,75.87928267997864
27,36040.840753186756,High School,80.93313378668319
38,51468.57494338853,Bachelor,77.5604777598081
25,52211.92876949247,Master,65.02625850349712
26,87116.10678863003,Bachelor,78.13371022629424
14,59301.169990827344,Master,70.91545644044729
14,41853.46881255469,Bachelor,77.45252228818204
14,71173.90565843639,Master,78.0236743289588
25,51907.229599181075,Master,86.30125746009827
36,35512.25453284091,Bachelor,66.45409367497018
4,42144.53385447699,Bachelor,64.54447397263112
15,94680.83908845238,Bachelor,74.4716341308572
32,67684.18443298925,High School,81.82516917670313
18,62155.20110905086,High School,70.58063830024435
14,55002.12528375908,Bachelor,82.47712291859818
1,65842.97684237598,High School,76.90058339808667
20,65604.71892004988,Master,67.9878452210791
10,65843.37656414651,Bachelor,75.63335503058906
10,62296.90180555506,High School,65.65173208732263
24,77375.96676611099,Bachelor,72.386000732661
34,60462.08692001462,Master,59.26840855168764
28,40441.22328894722,Master,69.31843369565563
27,47751.54218198264,High School,79.99689153945356
1,20419.626130205754,Master,77.67146901435741
33,100536.34232084785,Bachelor,76.20841748033338
4,77255.09183905373,High School,72.8747967501482
7,43398.59009741526,Bachelor,71.59846049712795
9,54363.103012058,Bachelor,57.32942897934933
16,47262.47051587133,Bachelor,67.93914626961397
5,90850.94422748234,Master,71.82615783665396
34,31602.45671458142,Bachelor,58.755965042597275
23,62289.52117637559,Master,52.482440832101176
25,57829.443148703045,Bachelor,81.28832746943446
13,76536.7726141823,Master,70.50838526609839
24,57919.8154455061,Master,72.09979280757783
11,24835.822466891295,Master,75.55626822794872
17,54977.643307151186,Bachelor,60.17833049515069
37,40556.755641133495,Bachelor,65.96504205937372
13,61591.59093113121,Master,85.04067604520198
27,88683.54073040653,Bachelor,65.11344603388267
20,25211.49511535444,Master,67.34144704553141
33,43995.54529200192,Bachelor,63.305118349978194
32,48946.14092433006,Master,62.591457735193394
8,52367.37809173577,Master,81.05481352342115
29,74802.51328210489,High School,45.23318443969978
19,56529.11164877225,Bachelor,65.42986180147803
6,68316.0545144089,Bachelor,72.25410142629993
39,47484.53912536448,High School,86.96791098740289
21,64598.48690835875,Master,58.64774644111557
22,75555.9526175543,Master,56.94328652963758
10,45354.00900525823,High School,61.39899678671935
10,75627.1623961303,High School,77.01705396789552
29,61047.45537455137,Master,71.25285463278689
16,80909.20480964505,Bachelor,55.573643289868194
1,55971.60199846053,High School,70.99557597599967
17,67624.89310324198,High School,85.51437765889288
30,59187.8753664294,High School,72.64480401073136
26,58075.75475918842,High School,71.64557890628647
19,65178.608564513794,High School,72.24742119582174
21,70736.14938449807,High School,74.14502720562867
17,35008.7017615199,Master,57.32898438598161
21,88672.67217635756,Master,67.68075997886378
19,22806.73918900403,High School,68.20243866923593
7,46303.75780522208,Master,65.165309800225
17,58114.61858470199,Bachelor,76.8612160877387
1,68247.11938171896,Bachelor,63.660065367434854
37,91523.45055482758,High School,66.40031578575875
6,22834.170235497855,Bachelor,57.39827319345807
26,49846.117432205785,Bachelor,73.78310559640859
2,17463.330244014694,Master,79.4190296176102
32,60632.43947820496,Master,66.38979482397714
5,65433.671690000614,Master,78.07390410653903
37,91815.91484342505,Master,68.53043224562805
31,62412.695217869084,Bachelor,44.72550629942326
12,80880.5025888476,High School,69.48484665295527
35,71676.74163078118,Master,68.24428790815956
30,51295.036059896636,Bachelor,71.02995599761681
6,31820.785064159212,Master,72.53185435140591
15,65500.045965836216,Bachelor,63.16078474650525
15,30157.959657092724,Master,84.71314977759945
16,85904.14145339288,High School,69.33838446194417
20,56758.75795926352,Master,68.00336325813585
13,83903.54823022833,High School,77.44529608301403
31,50395.71131735201,Master,70.18539945289034
34,65377.01572801984,Master,95.65841659244398
29,64186.977146693775,Master,67.90092208892038
3,59099.11763978152,Bachelor,73.51815450913897
9,51346.809732068155,Bachelor,62.50847345132939
11,67849.1203694104,High School,78.70535543038253
11,41476.73473033583,High School,73.0871839419384
25,35811.29342081882,Bachelor,66.61031949176663
22,84856.53786653656,High School,61.275619013983224
9,74543.35977784201,High School,56.905777003986756
20,61317.8321720448,Bachelor,74.18714558875794
21,93302.84765087563,Bachelor,56.131205294729725
10,54644.6896255031,Bachelor,83.08474169200163
22,86454.06439977959,Bachelor,57.371547502316346
29,63511.481698516436,Master,68.21625080391728
9,39504.984998472195,Bachelor,61.18458727926167
5,96960.803835417,High School,70.32686234438577
11,79814.21693248171,Master,70.26507179375304
1,57579.57937980871,Master,74.44802998019576
1,74543.42519067899,High School,54.737210061650096
39,51925.93132004186,Master,62.36297340821043
5,76582.98070119084,High School,79.70547451152198
22,12178.428694320814,Master,76.5855160200401
26,39603.97332610813,Master,45.00517471723648
6,79585.19488573926,High School,73.77229586594846
32,55006.88923562161,High School,59.67535024031898
11,64150.84589777484,High School,64.08177123294713
10,33064.28675769131,High School,67.72672412685664
39,96957.33991404207,Bachelor,85.57390157649667
34,83810.59287435353,Bachelor,59.57302590816714
31,55986.295632493406,High School,55.96106648599846
12,51906.08286273347,Bachelor,74.50318826780725
16,80592.08722839385,High School,69.71982377666001
38,99649.40900337856,High School,82.07003238752549
3,79075.20511622707,Master,66.47166094148642
2,103436.05334793203,High School,82.10817259191998
5,41552.97341876164,High School,70.16268597718279
11,43612.263390024185,High School,75.29115108563721
25,36221.177638933026,High School,86.23943487016268
35,68835.21299298959,Master,68.32752095260827
35,63512.0709960874,High School,80.44666235675408
22,56960.97753056028,Master,63.86401428261992
37,76185.17256246597,High School,72.27538953896241
22,84646.57210429329,Master,55.55340828316709
11,29486.75181426316,Bachelor,64.9568003102077
32,48060.55944197769,Master,59.41964741141855
35,76402.8718824612,Master,82.20752603254738
31,50645.226322828355,High School,87.3879836095087
8,44035.87847283692,Master,66.45298055668059
20,80370.7485530079,Master,62.269618175989095
34,34209.9986055204,High School,56.8605550329003
4,53968.4038441779,Bachelor,72.64541376102066
18,66572.88051609616,Bachelor,63.97713645331589
4,48523.601721797626,Bachelor,64.51283658651732
20,75663.1131202635,Master,86.29588617431935
9,48622.46049605262,High School,67.03601348453817
