Height,Weight,Activity_Level,Calories_Burned
178.79974355508006,78.43306674432955,Medium,1861.3071168893532
170.79441634871918,61.00632720162744,High,3404.343725219209
149.6719188898935,60.226167497653634,Low,1452.368608173579
142.32679440742842,58.44910224831981,High,2243.4624736059395
177.31283088043517,80.88884620965061,High,891.7357017124987
195.56165781300206,61.65419422522841,Medium,2907.419958959726
174.72481303130752,80.00603408516268,Low,1060.8977310982145
179.36135274776203,71.48450283651054,Low,804.4352019434546
156.4294054162178,81.01739649544594,High,2049.4345445659173
185.22341513094514,58.946178186349385,Low,2059.184773065848
185.03756682323058,63.74484343317991,High,2709.6447250663628
159.55702291543733,74.53989064379545,High,2424.7306619952856
178.18113160749692,65.69040093299847,High,999.7119608185669
143.5037322399055,45.066499515173156,High,1924.0652306025368
180.8586795013848,56.27740547590206,Medium,1651.4553704109771
161.4137362132993,58.867433059790066,Low,1332.4738400292354
151.59306294634968,59.608538696395804,Medium,2216.836290291148
176.03959935488007,76.81783181834629,Medium,2521.490481235755
143.42405052326532,73.37048690844745,Medium,1597.3520936718528
175.13620371152484,71.6222461337816,High,1833.574867499103
153.01581305682657,90.08669008239167,High,1866.9068838448175
149.8058581515221,81.75224455567833,Medium,1669.4574354231218
170.89779442069525,78.01819290201053,Medium,1786.307982171468
167.41173113727697,55.04733939998575,Low,1669.1370800689438
191.8518417663576,70.59539936230995,Medium,2062.3171009972084
150.72798124816072,72.98696662321267,High,1706.7786409248502
190.62581736747063,65.84772770739178,Medium,2213.546230381118
152.93533093596085,87.06379780782409,Low,1704.94579693363
183.79163624637562,70.51203910573965,Low,2323.370289348844
186.5913878428006,57.71651234762096,Medium,1694.1577097463578
174.8218817883639,60.026226292509136,Low,2302.8681409471005
158.1356917919238,92.82342338226564,Low,1575.7043668405295
147.15568292065328,65.79877022728107,High,2442.6812713056406
140.7233527460723,49.21471056799379,Low,1110.9875170794708
197.78436431106329,64.006555194335,Low,1997.0768474750757
165.54717659402044,51.73380506516169,Medium,1716.4245049341905
153.42998678408728,79.173107984708,High,1976.90933952871
152.8525909093988,50.45147920868855,Low,1407.0056067041457
172.51793590410142,55.977949096631875,Medium,1902.701531799714
164.07721844593863,70.03988560511122,Medium,1445.3231734144767
141.2106113171455,81.09380167016441,Medium,1880.9147966922467
182.96811004195175,69.3056593152067,Medium,1834.4240311131202
175.02475333246886,57.42354562200953,Medium,2164.961403392136
197.59866498753325,71.82562990695342,Medium,2032.9046567082728
187.1118717133181,65.32202536023865,Low,2939.1511968024765
123.5277926821883,81.32702173216111,High,1745.0326222924998
191.25460960756345,78.54788001413047,High,1933.6856786144804
188.11236873911807,64.62840537519337,Medium,3592.1532843047253
158.95440871466,77.79772810403126,Medium,1888.2240351016615
163.5113636431538,72.71225614199156,High,2476.610684458638
176.17587660861864,83.66809466720282,Low,2288.2749307263316
154.7867748680476,77.37181306698575,Medium,3167.389760145614
166.35906697680755,75.46995724877635,High,1284.6771411811828
185.0005616873887,83.27959478670962,High,1227.7096416072382
177.7659186303512,70.15404681557601,Medium,1441.0601893037078
159.9982285405739,62.268995440609295,High,2086.3895545102528
185.34140834961838,72.00839738694106,Low,1498.2988433330013
174.54342893814396,66.44585695871453,High,933.2790702137247
174.0305817942031,76.041965491497,Medium,1537.821182457848
162.27601455528193,70.61944034978187,Medium,2184.291670239046
169.90192184496706,74.02936872420531,High,1548.2022304901755
158.3886277757034,57.958852671044866,High,2571.206067532337
140.89172622944525,75.08286535355624,Medium,1437.3076306307446
165.80311751451524,57.147772131457906,Low,2007.0719730125502
168.167716308578,79.6176018153535,High,1804.5374512979292
172.05933169231497,79.63254376589039,Low,2094.2400792462504
188.18231897552744,73.4795413260679,Low,2144.427074467318
160.21572732909934,73.10086908352531,Medium,2792.5981726951572
164.4837199472792,67.7634392938708,Medium,2344.92298190959
181.49266396431827,63.967713283696234,Medium,1789.6168502936398
158.7121682812723,69.85020794570622,Low,2306.431370124171
172.30624293212716,89.8268492160917,Medium,2375.1241516929517
163.87576979653466,72.29318916788023,Medium,3022.4829393707037
166.3456342593286,56.5425089595043,Low,1921.4333768890597
181.37217333816017,52.916410337608596,Low,1958.5424735016443
164.3982041602934,55.61925648509793,Low,2656.149648141104
181.86116010859752,66.22403419731539,Low,1000.7396618667291
140.71350337692263,82.65799084366344,High,1897.6810091636237
148.5557798912081,59.765162136313066,Medium,2347.166586842028
135.22699863876727,84.21746484595492,High,2523.6064124778786
152.5134407424955,71.79448391736575,Low,895.3242573720095
197.8526549427376,74.83443668278318,Low,1330.8662142807034
169.7369613697482,74.56039588383695,Low,753.6548893329987
159.18045874313816,75.90665296704378,Low,2436.4695052627617
181.74210237488634,65.88634511977844,Low,2102.228344025549
183.86016585885758,46.655844107848594,Medium,2709.506911078787
151.68728278906212,64.11642977534359,High,2014.5837198220945
207.4730017696117,61.12120814463823,High,3120.4920263220906
174.14496264501582,73.10562483704277,Medium,1528.4848272034776
176.03527982681513,72.19238917490338,Medium,1816.4304319441612
177.45849727036793,67.27620376914774,Medium,2206.415222848231
177.4270680506896,87.55524980070086,High,1643.623105146058
160.67789892928283,63.59271387373355,High,2208.583014911419
201.68778936444204,47.7426666261111,Low,1944.6736585237259
165.72217329884512,71.19456673405787,High,1915.5388642191585
184.36276666464988,81.89194972093946,High,1937.358541044593
162.87598066668127,72.87160877602774,Medium,2352.7000149869978
160.21600245345027,66.43361505860956,High,1828.554809194015
198.52796919876485,72.40447505140011,Low,1440.0265690867884
168.3744344507174,88.38906564309505,High,2033.5844981171886
169.48839198515682,61.24871972039316,Medium,1683.0420767216963
174.25425808257515,70.30873184204253,Medium,1500.39411770359
209.02655706981204,76.69942776160622,Low,1134.5069434431948
202.5314175188214,72.53887190665597,Low,2465.566113543852
189.2567391248866,67.52132940754734,High,2331.249441148855
212.80433874110673,65.73674133558191,Low,2703.706458982462
155.83134920118636,67.14805525308216,Low,2001.3875249160114
179.83825986037084,75.32032325422666,Medium,2539.2758731598456
171.1373439647066,74.73772361858848,Medium,1528.1660925104125
143.46368401946216,90.94718583848544,High,1045.9438041753458
176.94645395995664,54.63210486013685,High,1624.1720549448037
162.63760280128926,87.579066898546,High,1897.0281691448674
193.00251261470464,67.955236705755,High,2180.2278387154024
164.07467203342446,69.09412978611887,Medium,2640.4268015514594
163.22162046165735,78.58733135159335,High,2161.040189690491
192.99603238776956,78.52408410159974,High,3128.698379041044
169.01819032366743,81.56618033915014,Low,2059.9100118155993
187.44316540620733,83.74777288920951,High,2050.367725051996
176.3653915988495,69.60169004716019,Low,2169.1013194356206
176.5665719195521,83.87630880784046,Medium,2189.476242559543
166.3392894067939,63.70843813878301,High,2182.2942522333447
177.5331506856051,66.94703024278091,Low,1383.8740024625486
168.0276228201616,68.1798493101716,High,2426.0963742480085
157.94294828515447,64.73370387103466,Low,3252.842658851241
168.4361852702532,70.59856324345876,High,1558.5080092461947
189.31746183012586,78.96424721907412,Medium,1979.380742181407
178.0401383838705,76.51345977451648,Medium,1313.6045793103576
181.5266109699015,63.86815666791727,Low,2375.9606547018193
170.02201057163165,63.04479284893554,Low,2375.4802803744387
140.93314765727757,61.44653004260733,Medium,1247.9833173946215
151.67857252371385,70.88791822317802,High,1343.7739285973705
165.664916696842,54.191565424575806,Low,959.167735588167
152.97406481724067,61.093996011478644,Medium,2785.1897872916543
162.13463656113842,65.41178927324896,Low,1580.6417085920075
161.59168145428697,80.55370957862353,Medium,1932.8943992853947
162.04386889808652,68.6782972882915,Medium,1816.6729736512052
191.55754782956168,80.05858984465857,Low,2494.224010922937
169.20532587605706,71.87574793190974,Low,2330.1112191992243
184.02005237150803,65.25700834180427,Medium,2303.41046235034
172.4591741683704,65.66858100563364,High,1593.9719040613318
191.2361991149017,58.33941881421664,Medium,2340.615637967182
185.3146940772144,94.03181925697177,High,2464.21869547378
161.1272619549415,81.1051255151244,High,2325.848517390347
199.42444209947269,76.03725575457533,High,1355.4689341859803
163.18216389472374,56.96690316391984,Low,1435.128167134357
173.00000998747493,65.48373911293871,Medium,2868.5619284245167
175.65540249545492,60.24666322309778,Medium,2971.9729485002536
177.32547140321748,71.27568233053913,High,1965.011414827188
181.9426984246435,60.7269274606936,High,1964.3643838257426
158.64823371878464,63.29709419550551,High,2078.7074032664427
180.6850290022005,60.98845048661045,Medium,2289.5020169900745
178.7171833551301,67.6024667523586,High,1278.7484478382407
170.0070805218363,70.71424980436805,Medium,2115.209417181834
167.15384744068908,67.86738055987018,Medium,1484.624252646509
157.87847531711438,85.32906465411627,Low,1989.8792626557556
177.2052674318668,78.11106904453138,High,1558.0848635855677
160.09295720062556,62.16967201401095,High,1675.8581453484721
173.5682115529947,73.25605681443422,High,2090.7937053539126
168.48006465772863,62.993388979367026,Low,1691.3481649905916
149.9875886637616,66.04876071719312,High,1450.575219499658
155.99842229190511,74.7919720327604,Medium,2726.754650977513
176.071637866603,76.6564999058391,High,1457.7286115042975
162.13522829045888,64.12567985711006,Medium,844.7716305724182
161.623697472687,58.95130413214491,Medium,2284.3823981248797
158.5407889663347,70.87703497724331,Medium,1855.16004501482
159.04982715703272,74.34622408581943,Medium,1985.3311973568204
194.63999776784522,63.61711169383275,High,2079.0915013984645
153.20091294493074,78.16554517565598,Low,2635.3274388462028
192.09354868497766,76.3929300326544,Low,2931.899099950978
165.03903168802583,63.471289640963946,Medium,2126.7223245442447
160.19368261133187,81.30162185859163,High,1412.1364691487738
175.75735345746904,81.60727284317493,Low,2072.981754208846
170.7956117640567,90.67668105623625,High,2294.59107518513
167.03750073697003,87.11759717983774,Low,2501.817821734443
173.29825445740207,60.973867774757835,Medium,2068.646937674661
170.557972954044,79.24982520865801,Medium,1719.7294599361132
166.7660337299024,78.79629296589313,Medium,1546.606123021522
184.0351156887611,66.5151680057713,Low,1941.7229572319648
148.2953492673326,74.54924728066032,High,1249.4977760507145
156.2800276525338,51.22376349776182,Medium,2197.19043028948
158.17677249047128,50.94614332107034,High,2088.6580727367077
154.13095006986637,52.853580595326505,High,2086.1731135523455
171.28889913998609,73.89256921426727,Medium,2358.813408908826
177.58129338611738,74.36509131920062,Low,2725.485479369955
140.56204258218617,67.2611588682558,Medium,1964.7843864773147
162.8892039044629,87.21169128759264,Medium,2038.4666378898385
165.17504629176327,79.87075402909285,Low,1815.1673260120788
165.71216065763855,54.016868152101694,High,2275.7556199251103
150.7236804520021,68.28025794114578,Low,1996.191832960557
165.30018690758556,60.603146838186966,Low,2577.5298338594193
156.33315662194843,74.1399586872151,Medium,2567.0234637659223
164.9843433994802,69.69421075234628,Low,2158.037503370923
144.20558722001698,61.17021626093557,Low,1960.194280320179
165.0866086494653,86.94472530527935,Low,1863.3762762636773
159.2144960605626,70.57396907958744,High,2240.183262060388
166.06278428379667,65.83960460529758,High,2241.513329528761
174.51189065471712,67.46860050539694,Medium,1863.1836300782932
169.3289740937717,86.18668046208626,Medium,2144.2216128639984
181.90092802663335,79.11274639834056,High,1612.889028922555
164.58850380205487,68.37648891834883,Low,2225.4645597727313
179.2832722679764,60.07910319900378,Medium,1654.904973054091
186.87480659570247,61.638048618404206,Medium,2386.01782371171
174.1063955819593,65.17857388995301,Low,1841.6428344302706
169.68803254201683,75.07165759215555,Low,2836.9221298840184
176.21543126268182,77.56531900986711,Low,2019.548997800201
174.63625426181684,62.74458841024958,Low,2118.982445949944
185.0186451213989,78.00760183371503,Low,1300.669047438565
181.906991892648,60.91384112031903,High,2703.2715735883376
182.0874081563716,63.8822634603448,Low,1981.0326521861878
170.66038936342716,55.50476479294539,Medium,2869.7522982690316
175.11839949038728,55.206922538166104,High,2024.1218440421117
174.8378939488395,60.80572639203466,Medium,1892.9365408655938
151.88930896838443,69.74268244110648,Low,1744.2631718628268
186.0337402763797,60.06018619389209,Medium,2321.091397549765
144.96064205083297,84.98084361705706,Low,2260.3783866907306
180.68279986440555,60.67503013671042,Medium,1332.982685590745
174.0049414528656,71.8394640250142,Medium,1715.5547951883627
165.73567658346192,83.20242967252668,Low,2361.2421217830342
175.86785238239378,70.92512604273755,Medium,1677.7621148923085
176.27853989344172,66.36084175830979,High,1591.481534508601
150.38300139870387,71.47008586553555,Medium,2098.1219251176976
191.2418942312226,64.38265335939356,High,2043.5725013582974
171.082070807775,59.99190805957306,High,1768.0063576344144
204.7209845681138,76.1270628603447,Medium,2883.6931663297423
181.8465654295506,64.16888522913557,High,1925.4946918406995
170.74096020373076,79.36753263530426,High,1367.50292186948
159.64941071011074,77.96262799526913,Medium,1190.5441515137404
168.33740694210908,71.66316509375123,Low,2511.238063793032
172.24746092873997,79.70885889088159,Low,1451.303626345507
191.98145231491583,64.5594078198117,High,2015.2207797140736
188.39989751465794,77.83776905655012,High,1563.0112338659376
176.7723272371242,77.7857289727785,Low,1948.9442164416503
196.53786753854996,66.98578510755083,High,2173.993453899311
139.7572830559917,65.70280610900834,Low,1317.2290722646087
176.9418107979246,73.29028545827467,Medium,1772.1491955131057
188.83477877780652,89.68244455161773,High,1663.2048562803745
178.21156657123325,67.67764538676496,Medium,1517.3152668550674
150.00788031764753,65.49227626706626,Low,1812.1669404021634
190.8416470027669,81.78394801576778,Low,1688.0998539677958
181.4202284506015,70.68132555699349,Medium,2436.4939929541506
175.1451794032019,78.66021064984602,High,1642.111453092923
171.3253698673411,84.74631127515121,Medium,2225.411639233339
199.90553102223132,50.929761139301746,Medium,2207.9134915574055
176.66776315599427,69.62420408551075,High,1249.4465041849937
166.37120511894256,67.70196296684226,Low,1747.1502422755773
157.8293224865666,60.37669232554916,Medium,1944.9689241277003
181.36293708812923,50.81365909139262,Medium,2132.7059260613005
184.793500929134,54.08501845972658,Low,1881.8153383986526
170.84773331725535,71.04368781869418,Medium,2520.9571627103946
161.63332280230884,64.65963970681169,Low,2052.3729891238254
189.95084897318074,61.98166413080228,High,2222.757268532091
156.68876873454752,70.9442737971476,Low,1703.913273282372
199.5416807199797,63.07852949623928,Low,2230.039875508762
158.98199272477953,82.90180638778602,Medium,2968.194802951832
150.82552979226998,63.791157608127364,Low,2263.292681444702
152.7444995395495,85.05321519972564,Low,2551.5077373347867
153.3541875756015,69.69984267952098,Medium,1854.2252589967761
166.45105843944728,63.48100406124957,Low,2462.1230020156986
162.97741226598734,62.754352424588156,Medium,2505.7843119199592
185.36959737246073,85.13794255131043,High,2122.724310427291
183.23112222934222,76.9583337995565,Low,1962.6245314560883
166.64733411476465,62.40581817086582,High,1252.4563740165331
216.55076608647306,71.1907656822461,Low,1983.807763117616
166.4485839982251,46.41321191319659,Low,2282.6117364618426
168.44725467405704,56.683956813880044,High,1617.3785186819687
150.83873077801422,62.497113308259614,High,1364.9585330145696
168.79189513062545,62.25182736399485,Medium,2050.9758394495993
174.4610103708665,82.13014720080005,Medium,2115.3329599667773
152.23668659159284,50.85813327259196,High,1326.3143793801626
162.5196286278546,55.721934709156265,Low,2020.3858457631877
174.9051609496342,74.5239448329037,Medium,2144.9637793043867
162.12746781348844,72.3027231325507,Low,2660.6518496008935
158.98761241443583,66.50229164418643,Medium,1761.7404323807034
181.73199521305915,90.52488928796899,Medium,3043.2108575314505
150.76829283300404,76.17407091867994,Medium,2026.9426104168142
153.68116432109517,82.22824705656103,High,1399.0287338808648
172.6606901087642,69.49199881566885,Low,1834.9072193842364
182.69238894110424,64.5641785645319,High,1443.5768149730657
174.5828594933993,64.67870622602246,Medium,1916.3810538572943
166.64169116965684,79.27664911372537,High,2234.2332085055837
165.41917071193862,77.7274833770471,High,2134.0942819820384
185.15662824239806,67.81391867515879,High,1434.937377973379
182.88502149456025,74.7158405462902,Low,1372.7534737313765
170.74773877764358,79.62618054017214,High,2209.6945207645
165.83571951295224,64.36070520217712,High,2322.04948998464
170.52908288967956,66.56604525275705,High,1755.5347522982474
159.0920382711039,74.46640501655386,High,731.1639089754344
167.7473652290765,52.11339742367326,High,1420.8004865493801
162.65694992014153,74.65592175395199,High,2493.1501843308397
168.4873277243231,58.74950940452687,High,1630.7348562073062
163.1947359550865,79.41653390940505,Medium,1826.3839875488695
177.85927810907,91.47784827240513,High,2276.669826688818
182.27608099774153,63.028316851837644,High,1846.8649955964888
164.3042626967797,56.50356265137496,Low,2698.711430411564
157.82180496699903,68.20091369198475,Medium,1813.2817377995787
180.6743260127626,67.34740216880229,High,1569.6732609266544
172.7713821918266,76.60723824458988,Low,2591.1361015087864
164.49895882224467,72.34061310894313,High,2023.9030466917286
190.6332787004481,67.03669717351315,High,1460.801075731495
161.5244860930026,70.90613601724776,High,2235.9121863426817
140.10595526479736,58.778475848914745,High,1852.8364182577461
159.38060944052003,78.29215043388267,High,1427.0680214508523
194.27567715336968,86.17961142954887,Low,2047.5578864896715
165.2344440339979,58.024028622206274,High,1920.9517488187444
162.26841062846063,54.20747022567503,Low,1156.2905600606414
170.39904681880344,65.97911573252149,High,1470.338002429638
185.16594631839354,57.785295228766756,Low,2932.6728332306234
168.75650013924263,57.237823168988484,Medium,2040.6547861785257
178.8702137286296,55.979815043521235,High,2673.335238197867
167.16100653594788,68.063976039926,Medium,2154.4091000837793
178.9881675671955,65.88577530343952,Medium,2618.5679921170195
172.70394190852267,73.7325692413517,Medium,2277.8743170551083
164.03012337666166,64.36985805087332,High,1526.8355132063436
173.87137964902004,57.833569044593254,Medium,2303.412556220669
161.862351384279,69.83117020084882,Low,1523.6114219977665
149.3271747225034,59.41443957655711,High,2464.6845177496507
169.7016830922179,75.12171119287191,Medium,2108.8620258796354
150.65938463165224,53.33777199161383,High,2009.386261919443
178.96144303293332,48.35114191087944,Medium,1780.7344846901262
169.4376384241277,53.90227299664611,Low,2399.221651184144
191.3493792263575,65.8168058005854,High,1921.1736604582684
165.0464433346363,67.1287014377013,High,1045.0524158274923
169.69959204734715,71.36941783468103,Medium,1142.8742915613452
147.9556092328023,64.35297646002054,Low,1365.3638406947575
153.4386003324418,61.53492042229787,High,2392.0901051895835
144.8191585647721,84.33274570626878,Medium,2430.125293259002
186.16240716719247,81.6888541856706,Low,2162.4988626632735
163.1066852750882,79.86202430861526,Low,2157.204397593553
189.90619627090106,73.08896293269297,Low,2723.0673185950363
129.79083298889248,73.88506323859433,Low,2171.424196039998
193.2211159781616,61.9480211427789,High,2319.054782751153
168.97965663942682,71.44358288225433,High,1994.6263316574834
175.09771083447995,60.60132779978519,Low,1769.4724930026198
154.05585904725245,59.46726699379831,Medium,1859.8825348747491
177.9093487825599,53.825102207584266,Medium,3025.384409644258
164.39128780917184,74.0607158196005,Low,1456.6407187226278
152.0906866693215,71.6367176222972,Low,2157.155797706645
151.88500470647097,66.97115122119818,Medium,1242.305571103015
151.6197434512655,65.66193412912182,Low,1694.7417248525367
175.70359393695244,51.69893511282409,Low,2386.9130429829506
160.46552576207603,72.56399559243839,High,1095.0190345648246
145.39859366435246,66.84459937103642,High,2452.3696439871583
175.5394927105656,78.95997210413634,Low,3023.771804719633
137.40905715196004,71.46211355897586,Low,2182.5802584092557
189.93608145491143,77.0578388520403,High,2630.9570472715104
199.7961586440988,69.92759601405854,Low,2124.019039428935
150.31364486709893,71.81677872155595,High,2355.5444271039287
185.78675947421064,79.3112627768784,High,2226.8831299919952
175.23647003608255,68.07610735661589,Medium,1744.9720961682067
162.4994198517608,74.71854888201497,High,1700.1586912036007
163.19941369055243,65.564755851996,Medium,2590.72852874224
179.81717469365162,68.688930903755,Medium,1978.8930709880099
169.4007380359481,85.93523998609481,High,1929.113932752932
131.08686264039733,76.40506681957093,Low,1918.7564912142057
201.09521604505284,64.58541091396353,High,2153.2033849197487
176.49761278977206,74.22919160227252,Medium,1407.2397435706043
169.21983828774432,57.200187263742045,High,1908.928204217184
159.22365140472735,67.78807785380768,High,2155.2796419323486
167.16559244500354,60.46575699177497,Medium,1360.4571770993612
189.03780888276788,74.51906197633338,High,2104.6158639528717
173.924276518193,68.11068428331805,High,1551.1867291113692
175.63061936672008,72.83478475576509,Medium,2156.218731158108
151.26244070529663,77.74179518543227,Low,3079.2559834566855
164.75554585659916,65.3978574092295,Medium,1939.5682655630349
170.76577260115022,65.75515683465838,Medium,1460.6832312207373
180.4484951518631,69.62962819400866,High,2118.541860014056
163.7627568518202,61.39503725604537,Medium,2237.105056241152
183.9180314821282,69.8878701181771,High,1531.538508256519
152.83470187481836,70.41562792633555,High,1140.7599869147098
171.04304484630444,72.28940215164548,High,1533.0703162356338
168.5357768165232,74.19550441913913,Medium,1975.824158261331
147.26710307921616,53.96883744069796,Medium,1772.3432281853964
169.28437764986154,57.14878501435378,High,2538.74697517791
161.26093219150795,58.32815746152338,Low,2258.556536842741
191.2066209123939,70.92608001226495,Low,2050.992844481378
163.8461594611837,67.1562414091934,Medium,1127.5203903614556
175.26305801889072,47.32275431864955,High,2315.2012029279326
151.5343702577699,89.47044808472029,High,2989.5886338545342
173.54853340119837,50.11030932254158,Medium,2431.1531922072636
163.77430537085675,70.30423680042476,Low,1671.1526689690975
158.35585274048034,75.63373041764882,Medium,1931.823820167014
212.50838347906165,62.80213025650778,Medium,2229.540029251185
164.69826456875197,76.39959690661533,High,2693.3306013219717
166.8207660601409,59.91822520615183,Medium,1647.124432577409
183.52990179125206,71.71101401932678,Low,1767.2429275499283
158.47359977710994,48.19453177508508,Medium,1978.4167230253756
176.04908416116305,81.73229091293499,High,1934.6586442039056
177.6548061866627,70.0087558624062,Low,2396.1797853205817
173.67050639692562,54.0528759545718,High,2131.1488433351824
204.4450897389404,76.28754314527846,Medium,1301.411621398735
157.93596425706997,86.32152243845294,Medium,1671.6089825955614
193.06400902360969,60.73589535406181,Medium,1686.0013635279488
177.0821060363835,67.89788058103503,High,892.5416477551375
183.64174419784902,64.85176103639272,Medium,2464.818336359178
175.11851557525142,62.29783085268676,Low,2066.2125213363684
198.1741602761628,61.244378995667375,Low,1729.6603286110114
165.19883115091807,63.53541790479691,High,2451.3050789675945
177.45830357665054,64.07619539512625,High,2150.66470158675
189.58209410856014,66.43536586196957,High,1356.9394190192138
161.61735954393112,65.70923349029573,Medium,2304.7962281032114
185.00655015945037,77.61171013073665,Low,2686.481506961589
169.7204261660849,76.71876316492599,Low,1930.051622491274
151.47674558998435,54.664993891880236,Low,1966.475403582801
148.2261563217517,64.06409640609435,High,2053.880087056326
168.63770249936923,82.505572465104,High,1391.052861691869
184.86327682406522,72.94024959610914,Medium,2070.7098742858466
138.81545652548724,73.34470705058486,High,1554.2513202758494
173.0067505869327,72.38978418063762,Low,1996.737188789581
183.3856570232736,67.38338913957541,Medium,2082.945765370529
150.83075172018204,69.58952209360233,High,2265.3948486255094
160.49050061554996,65.96101089135585,High,2283.778705205701
178.58550412366475,78.5573525197619,Low,1536.154068583971
182.7280692101298,66.05221743246318,Medium,2093.806685708414
194.06147333298554,68.87043534770889,High,2478.045531591611
161.2048879804991,77.35337453252507,High,1423.3083004475106
157.7663471834273,66.72207996072831,Medium,2872.5516356709622
194.79028197022916,69.29279951099788,Medium,1513.7898370345083
158.67587200730372,66.41802008712223,High,2813.7214765824765
177.60928261400957,69.10665076543586,High,1522.5809515982376
202.74672284648184,66.75677959089805,Low,1971.8898005729193
181.29063040409278,64.64143273430602,Medium,1903.5475369885755
181.74905325405095,62.92047069364098,High,1316.5978024437582
189.1709915714814,68.2754923797171,High,2349.0968499399783
177.8730136682796,80.18238211098637,High,2374.7671911321954
181.8210560240444,76.23697067557974,High,2309.870693753271
164.86115578794053,54.208183238289244,Low,1875.760688067515
187.39943700262114,65.70850506333396,Medium,1649.1218462823906
176.20222423819342,63.61661431140112,High,2549.578241428126
147.8289636411119,54.37676838399973,Medium,2106.721999433475
173.64415868526223,72.75278529100818,Medium,1621.8566752623358
137.45527876723168,69.03908780831267,High,2107.268511418255
180.70869448488293,90.22942076306586,High,1162.6485562759333
166.49672684635428,66.65979665762396,High,2053.893336393783
198.583290007156,62.23824435102113,Low,2327.887087644439
177.3444689703523,61.270617053427394,High,1910.2958031675705
183.86272386535902,65.4840934675292,Medium,2355.4534048899422
154.26165124929472,75.90326624441678,Medium,2406.6102360838954
180.26862087553772,77.0486808179707,Low,2137.6577783733865
160.39012966095856,99.26157338518293,High,2884.035000730196
186.35776512114003,57.934184712925216,High,2676.977882558941
153.22471660999278,70.86234875297197,Low,2313.6663221071076
171.647110292854,63.15718463574292,Low,2177.5638623018085
152.63176352125117,73.50499771791398,High,1871.8146982202447
171.8871493022794,83.83157169133467,High,1676.41863912922
200.33730359000873,78.62111379033735,Medium,2398.742884788486
180.8190212038479,57.92395492433539,High,1900.4234194919682
169.51057247135964,76.84657541003047,High,1492.9545309111481
133.06761314922431,48.866492067617315,Medium,1598.9205451427251
161.9646932278465,46.200806378189775,Medium,1664.9050447069972
177.11980468636017,67.50949438800313,Medium,2876.7761636130504
162.33713486596423,76.10680224212462,Medium,2423.9139270338687
191.4072537194516,73.48196853017978,Low,2017.1379163287459
171.07307243675905,89.05788234362669,Medium,2206.97509140362
186.1789267416781,71.09326982962449,Low,2265.0149629317034
173.07351286965687,68.93141299210892,Medium,1565.7042978240393
165.86026785339877,81.55192840281252,Medium,1416.2164414278461
162.9301024464441,66.25867318508963,Medium,2525.7712555931375
154.8176894251658,73.88748303590476,High,1325.1385449782804
186.4491977519308,74.48976144421675,Low,1991.2837529084668
163.57982101918697,60.28231942260106,Medium,1639.1357555657924
177.83445262424888,73.8746679276342,High,2110.4951238745252
162.11382525097932,91.8502692864443,Low,1873.4739593340705
153.75456643111522,81.36649706375546,Low,2266.9912030160776
178.32711215938355,61.60710463291521,High,844.418077662385
158.79944155578656,93.38650940554561,Low,2560.3351117951615
163.99269132699294,76.89269669125306,High,2367.6918982841717
151.26967271857117,74.2424955297501,Medium,2505.772680427288
162.60315122630797,69.02778441261917,High,2448.193704077167
170.36160752431843,76.82705647746899,Low,2156.8990483684297
165.68763529813205,71.11784631329856,Low,1679.3254098011455
182.27339924689423,70.19644455960847,Medium,2219.2157629836834
172.1828111459827,68.66891136482636,High,2144.7684183219244
216.30970716668514,79.73766935939094,Medium,2438.2810573992215
176.3637588150328,78.62939711242224,High,2310.8249309340354
143.96768697248532,68.50605786397576,High,2047.115323652092
166.80676376134033,54.810154164445855,High,2216.5641137111693
168.10627778375618,70.36066060382323,Medium,2260.8651085983015
160.79553142429575,62.821236404208705,Medium,2544.1650413594525
171.08916251354327,65.26420680181994,Low,2867.9404497450896
160.34904406699437,68.75147581573331,Medium,2298.5410579674744
174.99229698414794,59.396840099689584,High,2263.186567559935
141.36968430843766,53.8970184448884,High,1888.5018142482793
187.16237707687873,72.91973200066785,High,1828.3409176892903
146.32564435774384,70.26829530924815,Medium,1637.0887851993466
166.04666671975195,69.88590921144835,Low,400.1197188182307
159.0093981635424,75.10766588593913,Medium,1580.3937442378055
174.58880106571118,63.40462127736891,Low,1913.635284761098
167.25138333897007,73.32473431082109,Medium,1846.8697213069959
173.7747599851946,83.37422041572722,High,2228.3020892764166
186.66788617181416,67.45294059128237,Low,1597.9892274694396
181.52923156500444,88.99383760967946,Medium,1619.9981113926729
170.5446101261234,70.49994427120306,High,943.147805029675
176.89261649957993,61.47620758141208,Low,2235.7147477784206
199.4001127822339,78.49684024928379,Low,1556.0822755857403
182.06357442024012,68.87439470853822,High,1641.996695326568
165.59693098569173,80.5255049459834,High,2282.373677578446
189.16796506085194,74.13346288688203,Medium,1558.6349417393496
175.86965481229166,66.72171030885994,Medium,2190.168795723383
155.55837723099404,85.21014941342398,High,1396.6874615513966
167.2891656472733,65.00628795680845,Medium,1989.4378749304456
147.91613954775542,48.343810061521985,High,1695.1740871464112
135.7246984410191,78.80579670854351,High,1866.8526432130286
155.76439563176652,73.49931994744442,Medium,2755.8400018715147
171.83871603020708,82.83719187733219,Medium,1180.3561311769645
171.8826331172328,61.18326141641816,Low,2711.205354638345
148.82636472312404,67.52848342588209,Low,1540.6122548943483
134.31857109111948,66.3995822616755,Medium,2434.5408866329904
192.06143711481076,79.33762075249919,Medium,2533.6584775873816
171.4293967874035,76.50850180012272,Medium,2215.231107775951
193.33567966874372,72.14800375717138,Low,1390.7781940559955
192.47886645253556,72.21244703988768,Medium,2136.214841821795
181.02064501359493,58.490288378262626,Low,3279.7811251616367
170.8871537253769,77.6868213688672,Low,2005.6178506200647
164.0352377870684,77.891210234902,Low,1949.5916191515284
180.77894784875056,92.91107174618739,Low,1901.4717346396992
167.60213201246393,74.70784974395244,High,2257.7816835366148
161.1557110615927,76.32458686148176,Medium,1956.4095808337343
138.53142973566702,74.77601127662294,Medium,2142.295254846601
168.7534203737509,63.0329523270122,High,1853.8383223449175
186.45006331244196,82.4940142981085,Medium,1481.877564347573
188.88974869842576,69.44253821876136,Low,3161.0345503421395
170.79918065847303,68.07041147433297,High,1951.6743492036646
156.6693447408991,68.65186474305601,Low,3599.199096645942
183.541157832782,69.34056391667043,High,2212.4576230234593
169.7695182852989,65.13590911332949,Low,2299.991101287779
164.51486997910087,72.15238613187701,Medium,1845.3577152391226
148.1612762080129,69.03391515143129,Medium,1703.521339312436
201.55642215418692,68.18290607973198,Medium,1856.6649404681302
181.07597673590806,74.89824954846499,High,1583.8436679827491
182.6937276285875,70.75788687853868,Medium,1537.6595908245515
157.0578610458784,64.45864053789677,High,2892.3005277069346
171.19624501232747,62.364594129241354,Low,2399.87630283394
168.7775920106076,70.98401666814868,Medium,2749.092562177033
181.73141916529343,62.53368160963077,Low,2562.449844819259
190.3957768421721,61.81388247949648,Medium,1699.3142177490122
148.48676603964546,61.955232619284,Low,1230.1570832477785
153.87983603025341,72.54984732477737,High,1769.9284146515815
179.68606775566857,81.93542471004938,Medium,2045.9159095058064
162.37955960836328,73.47760648226891,High,2572.171559229658
182.22311176812156,78.86821712427383,High,1972.6976761607627
164.40410983426986,69.30298080882177,Low,3483.1828975880085
151.26838053987507,71.42225200696383,Medium,1783.6520047150732
143.60975766824558,86.52995668848651,High,2295.528801224096
177.26191880058843,78.28704987607009,Low,1700.7045541021464
177.6297581532113,79.37026731408844,Low,2203.1411929111723
184.55323613406827,67.3579536966683,Low,1937.2132842972742
174.91810409465688,69.94732223347515,Medium,1875.6695213770474
113.63847018111221,74.05664457199892,Medium,1690.6039485521042
177.55151161770365,63.93598237753062,Low,2073.7712032156182
148.1381380323716,46.36820938958769,Medium,2418.086463233823
141.98423002760478,73.96466971628847,Low,1512.466817897392
140.17768071617758,79.61366488049927,Medium,1975.7135025139594
138.79718041037194,70.55201753795183,Medium,2246.5670353278183
174.18467152873473,64.04092559186954,Low,2341.4455538365046
159.03223638628938,66.69303854557226,Low,2931.5139235918878
147.21342063136154,49.71726959421209,Medium,2289.339223025119
170.34623833553607,66.66774012637597,Low,1799.988951382445
153.41100163130068,58.849151929247,Low,1715.9992207949986
184.71606385818072,63.00358377932527,Low,1709.8709128192047
191.75329060750562,58.3431672634957,Low,1682.0116116990498
166.7359664633103,57.19022565561474,Medium,2107.8680093036955
190.659115797627,59.95887575241554,High,2210.2751223548826
190.6338614097861,76.328186361091,Medium,2412.2724076933937
171.26911615569418,64.90210271040264,Low,2332.4973633176187
196.00180199907203,58.920747738051375,Low,2623.0535773221923
160.67506992428724,77.5401407139449,Medium,1665.539578070318
140.67117261362642,71.28972107811897,Low,2818.242092816599
146.68432881314598,46.36334459995873,Medium,1685.1720508301185
159.98473017960166,79.95624342255772,High,2173.966179087632
178.0145307459525,70.72073392136454,Low,1902.6206605084174
152.67765698410577,77.70373929074063,High,1988.0521061952172
159.86298719857257,67.74777661639058,High,2336.1443816086294
151.2578526718715,86.04690629881033,Low,1280.7899153406136
160.20647022232328,66.1811135654067,Low,1584.6378684730882
190.14064158416141,43.64161030486794,Medium,2374.6133676234663
175.36363836243953,61.106297337751485,Medium,1998.9236919043908
161.3451610011175,75.02139129301105,Low,1871.6910913424852
188.30706684780085,71.59086525843867,Medium,1439.5297191683112
170.3849785699637,68.77485760155194,High,1875.1945938348852
172.0048325158437,60.13613928703411,High,2340.473470783485
187.14162900001327,70.18419186186541,Low,1718.263440427167
164.86068305228432,69.85624386880355,Medium,2682.0316734292164
183.743606944549,69.75350930656336,Low,2538.442465401313
182.67392962648378,75.37670118201896,High,1824.9735477406143
167.81682539540344,71.81768895383817,Low,1702.8256336050194
149.0571002593117,67.4770432412152,Low,617.7608322128815
170.19037646169062,59.97435150002444,Low,1461.5694790293169
187.05879869962524,83.59995270562447,Low,1430.831831720055
182.29652104213233,89.8160140265135,High,1284.5167845326523
195.6537558667597,87.4420982259206,Low,1982.0117611616956
162.64399690140257,76.99080886744177,Low,2156.0402801630567
181.68950709098354,53.24919199538236,Medium,2907.3276711367316
154.9056836924308,52.02665022066731,Low,2033.245330700347
173.02375940960545,64.51577110871911,Medium,983.2231060775043
186.58118607822473,69.45248444119225,Low,1626.1279843316752
183.59636881101562,69.04172919241695,Medium,2305.2821377711507
171.5460956288613,71.93751832675875,Low,1959.2936265441645
165.97921756158064,56.075534734968116,Medium,2428.414004797207
155.0775351294609,86.0741934708135,Low,1743.1255132177153
166.61340090926296,85.05238689406414,Low,2576.0186597324714
150.34694237691903,56.88646108080114,Medium,2123.015037108873
164.85208927603367,51.38456471838353,Low,2135.7387919657886
142.90665176990154,69.10254663984885,Low,2074.9774437848205
150.21999157957012,82.62090496025846,Low,1617.4219398444327
182.7920885083516,69.67819434870985,Low,1971.404722579588
181.12091137252983,72.59955306544232,High,2146.8804587766854
165.66728241902047,65.60288439563668,Low,1299.6726956785465
170.97153184429447,71.46279043811353,High,2039.7971263817603
172.98343508523763,79.44477132198503,High,2607.4389592492676
176.90492585016773,74.12109205137237,Low,2216.9090666850616
175.2997506087754,75.75508727756684,Medium,2683.64507488465
149.9483618258713,53.367655207605104,Medium,2203.8636616529193
133.3537456722657,91.38282316458755,Low,1551.184551216316
154.74667176306332,53.48746156909981,High,2395.3798804187986
167.68504436180433,71.56422020420668,Medium,1429.4869408486434
184.40275504061523,68.49552253748514,Low,1895.7814051359223
173.51539536093475,68.93093509909257,Low,1862.0018213413873
178.0156484426007,78.69825681396013,High,1660.8608020970335
156.5467756784844,62.92189199003318,Medium,3189.4836109271805
168.9390665071849,65.67292372062914,Low,1963.6773459774536
170.98227289185817,58.53394803654477,Medium,2905.030855269666
158.66484741906652,81.22158850415106,Low,2171.795240256498
153.95660141184018,72.66085421067041,Low,1589.5390946366338
166.59983334355942,76.37218091355321,Low,1795.206118048198
179.91854522172287,78.11983852634017,High,1980.7593360933245
156.42572766630283,89.91412760613846,High,1829.0958372127016
166.87710900828893,88.16945825205867,High,1863.023889304857
190.3248445151241,73.2304162378738,Medium,2286.8719802606156
162.20988033678304,71.57962697752961,High,2182.685027217001
170.10924480575628,64.67858130038181,High,2344.9968613653646
168.41437878536468,77.4415777889464,Medium,2763.342288762925
167.18312557765793,77.0711295896201,Medium,1764.2570836097805
195.02717246501012,62.70608665629826,Medium,2556.9462922640128
174.5862996355109,77.19782951667293,Medium,2696.8009646471955
146.44726850393965,80.08354493694013,High,2646.9503967686237
192.92629769859636,58.78353377050408,High,1120.0345947964151
174.12220191796231,71.89913970920111,Medium,2898.843265231434
164.39638454520548,69.34271055647567,High,1681.8005094722648
190.24163758458238,69.94613493385913,Low,1079.6638480917743
158.3196505531241,60.47346770600529,High,2886.5550453930036
195.73550139320906,51.73444240870767,Low,2256.702184086978
171.3995396385134,62.44583699750942,Medium,2277.3524662520135
185.08338270509267,61.045416862805986,Medium,1833.9638220440072
216.01253167379974,73.53223067546855,High,2091.0489562484886
172.7013730821663,73.69513116316423,Medium,1930.3417395767801
168.5475214993974,73.12592230153531,High,1687.898594585204
153.99455593108883,56.03269326771873,High,2011.4954237003637
168.1914431484618,58.804416255284465,High,2056.5691036488997
154.45742337099003,63.83327314921772,High,1339.1829957016441
167.19547355798085,70.23143012565943,Low,2027.8160627430568
213.4202619571,66.64892454671973,Low,1106.23756406639
171.79396931862289,73.10639099564789,Medium,2960.175701058548
161.69468726113845,79.7547031673751,Low,1948.709319879561
166.8542288476575,60.007061923736686,Medium,1464.252307334109
163.82192901135298,60.38729500849525,Medium,2256.609100344804
185.7260280971244,71.35359986092217,High,1626.6503069290038
168.6466310314976,69.17969363690842,High,1985.3713319286474
194.13332140119707,77.43363561506914,High,2227.750575545927
165.25851073923423,70.07576659778061,High,1491.65460839869
166.22631084459655,87.40521229837393,High,2974.8546627185674
156.54823421416378,54.121252311386186,High,3022.4572343910895
164.24927146608096,78.40216859964082,Low,1737.273336880761
143.99644657367818,71.99326196105159,Medium,1438.3369095976261
138.052847242102,55.9699893297246,Medium,1734.99591895128
179.3701003054842,49.320407126472425,High,1761.7229581520075
143.81839055118593,58.749809334193586,Low,2555.1752469809153
176.0894824877453,82.09087711472759,High,1743.6434150223934
162.49254725232822,80.95231555928375,Low,1419.1694013651372
184.09293458245128,68.71347514994636,Low,2050.7867527861285
144.1489336892921,66.37727016507387,Medium,1254.5732038259384
178.97376220522048,61.439030033787986,Medium,2533.9975332766903
174.9739993141859,68.12610680643493,Low,2299.996340982865
175.4377433792265,65.25838314501678,Medium,1700.0551990830106
186.85848300337008,87.09942050999601,Low,1754.6394372621721
171.05430600633701,57.63444399851266,Low,2124.3675370361025
133.28241674901176,73.92437704076228,Low,1448.4767762618267
176.7366213603558,87.57071341531166,Medium,1606.0521471610775
174.7950891886408,77.74582815822453,High,1887.293451565654
166.33062375438087,58.7572329647584,Medium,1340.6086811647315
157.37340638481686,54.57669802410649,High,1772.830700142177
164.58621015510073,72.74401205052358,Medium,1463.470540443362
191.87089664973655,71.50523205568696,Medium,2713.0995801596673
156.2013823313915,82.3240909724668,High,1798.2821469820824
143.8938278891592,75.48447848684427,Low,1526.5879729926874
147.9760596955693,65.15160075831135,High,2337.2247957080917
169.4705612421698,64.47285271392084,Low,1685.757070250877
195.06275794165492,56.938422995210466,Low,1448.7571481152672
203.07276083117227,71.2936433827975,Medium,2443.7649595289727
179.7534726417432,55.955517491667365,Medium,1838.4292309336818
155.28131077098996,79.09990347594524,Medium,2420.5106521129164
156.87362366937467,75.89155211218865,Medium,1992.4730644991998
183.13755993148555,75.57456000472675,Medium,2064.5993927232284
189.9745314495176,56.781728882522074,High,2281.5893948398157
160.37004508319998,68.50036598889864,High,1682.5863198115665
191.3667574236091,66.10694379246429,High,1594.8927165944528
166.5565974049442,71.02806384459426,High,2600.918403030607
180.7142596415206,75.2851288080595,Medium,2289.459653293215
187.1820047983901,64.86402949564658,High,1966.2510088750892
147.77348226539627,65.24016475674777,High,2397.8504562117805
176.77158149800215,76.79927836535319,Low,2270.07985443507
191.42963816021833,58.70500037216834,Medium,2471.651433509428
161.59002469459008,62.53338563579304,High,1428.5827285597932
154.1512784663415,70.0583683203404,High,1967.910479815501
177.42178152995146,78.99720373029534,High,2564.9014999957994
172.00164918565972,60.31225261590991,Medium,2838.613538018492
165.0904395308843,87.89698989596383,High,1732.0308765933403
169.96680935060365,56.49337238834373,Low,2079.5826924055314
144.94558991366225,85.50278824078565,Medium,2009.667909292314
176.0671298427581,81.99590148993406,Low,1377.909392144902
193.88896783010532,55.698984077502715,Medium,1856.2200967879935
159.27986315323892,53.6779666302899,High,1210.6536606367638
157.57374604324534,77.19864168847224,Medium,1916.3391953394246
172.58842615986327,66.2259881494873,Medium,1480.9905616076858
212.68816175433506,59.93052950391401,Medium,2084.957390741082
186.49824910330204,88.11701208981498,Low,1845.0513898483857
168.5873782290605,58.0609755980045,Medium,1837.0924601091883
170.59398227078208,62.730614024279724,High,2776.7107432014463
187.98270313425124,63.916016869021995,Medium,2035.404584426826
156.3593712870638,42.005511725635145,Medium,2939.1111927104384
179.17613909996606,70.91367759106652,High,2223.185766607839
153.23817486658717,60.884414446608204,High,2407.776429963041
183.87372003827815,78.10536114829738,Low,1565.2388157977887
165.59068411678675,79.4126272295976,High,1653.1606785344352
173.01041187864388,72.31721000214192,High,2008.6319396295535
164.616858726978,72.4304662965365,High,2606.5376183599915
180.48030064029973,71.63589114366276,Medium,1818.5229894230336
167.37977125115756,62.995958153318384,Low,1284.2738543854775
202.36957529042388,63.85172049550989,High,2198.99517927355
191.28301384703317,83.23226947774913,High,2031.9891551400449
150.43567006545882,77.35241444289623,High,1724.4949613314107
172.87184204224903,72.06086984505001,Medium,1813.4681065181035
181.02732847983876,76.00065326352362,Medium,1564.463164552379
163.1276100711018,69.38916471220246,Low,2461.9533756313863
188.18715055943014,71.84946769326079,Low,2011.662048495663
186.4197622386541,75.94516911170105,Medium,2120.2386949457887
168.74656170210704,49.257191796704106,High,1701.786753896276
184.71823826110074,79.06138918091378,High,2668.1136248123034
133.84005957637788,78.34340221157106,Low,2110.39834347235
190.36382313915263,62.19311722892543,High,929.432142015047
183.29763203113288,82.44102516156723,Medium,2229.9907974035505
153.68483457903113,47.82685215339311,Low,1867.839654165345
173.77820540139282,73.52953084813753,Medium,1918.0274559514291
139.6057473294914,70.39933046556253,Medium,2496.8454760464774
158.54864550715655,66.9052892530056,High,2044.2858089072458
186.4345900712362,70.19367327487313,Medium,2856.171162488838
169.80745762392272,75.82730558327563,Medium,2052.7965690755204
168.97695541214674,51.94431746014797,High,1766.6914945203944
170.67839285969836,80.00964590288983,Medium,1093.3560261878115
168.92855530643743,65.89726487619184,High,1641.0650260240718
184.81234575453092,80.1545284817468,Medium,1838.8774395154198
160.71515578328206,76.43517677649943,High,2733.1440861696183
176.29019110492015,65.68929859057671,High,1769.7228346435452
152.83073502685107,69.20673803623787,Low,2821.005996820377
181.11648842400066,69.79420572909136,Medium,1425.8449743154551
165.1794334722171,86.06260380726673,Medium,1613.7659866902636
169.38518700733079,58.59554213229947,Low,2563.4884936748986
164.56743591712322,65.61927143218693,High,1702.4389894963979
166.46519899227195,54.17811949124858,High,2549.614322846881
154.92910658531818,71.23908245636069,Low,1586.849241455288
174.93875093239,63.76490986509666,Low,1636.9549209204133
178.3199614605324,64.97828493147422,High,2320.9244669784835
150.04039769230968,84.84690402598757,High,1593.8493256587337
161.0540014103029,61.766304773864604,Low,1862.7978272074402
170.45020763924936,68.40477951933877,Medium,2197.3893128447417
161.02027792700994,65.41399713810141,High,1873.6971354213229
166.65767578719914,66.04169623330073,Low,1718.7107986751082
194.2415261073502,97.7178960949164,Medium,1396.386047010335
154.72755821811361,52.65024303054125,Medium,2724.664303975842
135.31719495592554,76.44068542994957,Medium,2818.0561209076377
161.01890281540528,94.27373384379685,Medium,2164.6678314360456
165.0776047253046,80.79085771347187,Low,1883.941425526803
162.65015076678077,70.46942165449758,High,1911.4141204860996
174.03216795773062,58.27231679874907,Medium,2416.0964540681
154.57877360235244,83.0477433404341,Medium,2515.8910128219695
152.37079825105616,79.373459780957,Low,1729.9235725738258
159.88269238428842,54.70307562998346,Medium,2537.3040868666176
160.1922689528126,66.79718770038978,Low,2307.5444920746822
201.81261421923676,57.93906053721881,Low,2528.6118708843082
193.2867132189247,41.40479961325558,High,1199.111527462815
144.95709576057845,57.706425193816756,Medium,1790.3982649255122
141.052866306634,71.0543922618137,High,1913.5492915509617
168.713705785693,75.80319177259551,Low,1765.5231517940924
198.6739251800654,66.76563046857264,Medium,2958.6614970687033
179.9913461273973,83.7412539250216,Low,1795.0661814415669
169.50671451195808,80.29439912743952,Low,2234.196210117464
163.15888590932553,68.7472236288742,Low,2076.419957862127
186.15743714661207,67.47397312378841,Medium,1854.8864011873795
172.66984069404955,73.82739618708453,Low,1645.6798861970021
195.97637574770528,69.82153590206511,Low,3027.924266100615
144.68442706361276,55.74315918427504,Medium,1889.0638358589122
176.35468682799782,67.04618015310798,High,2437.792291210826
161.55053498681175,76.65567197875302,Low,1995.1758335246057
176.21412826270404,83.14740264821312,High,1770.6391692084248
173.76284377394597,79.60163896805606,High,2054.145788727549
177.64499313500033,73.34302697625259,High,2154.0568583214954
184.66373220164283,84.57371642464567,High,1765.2071409483092
190.8468886964274,74.2395166806321,High,1617.6896909175036
199.27584755605423,69.11449948456989,High,2238.087004502207
170.2369145158606,84.78711568033472,Medium,2058.18363248488
161.8647503958453,77.20258658832775,Medium,1673.9710931730915
151.61267346977417,83.0200309375869,High,1530.7823276212969
176.52329510545377,58.12393132474251,Medium,2174.639417357939
182.5237602114013,61.397313710706825,Medium,1040.9596675876703
149.77328376453337,61.82594925595103,High,1869.7000856863694
187.1699747637311,71.81776624794756,High,2067.5441617753368
168.47974534424282,88.24349533162297,Low,2868.8361914536636
151.1627482363651,58.61053127942868,Medium,2005.2405799216226
157.2756920825803,79.05365005803051,High,1849.4043212606896
155.85135856034333,57.97431455751831,Medium,2142.2804256627705
156.11817127851413,91.17519401731036,Medium,1641.7296221546362
178.54852094663963,54.03348339749232,Medium,1890.531881700861
182.95741593032824,77.40300328761526,Low,2014.6510140588903
195.48718372284802,78.80375423054576,High,2314.7561789334613
159.52666651492257,76.20004988900753,Medium,1663.4999048577333
175.1443440118296,61.22750430021262,High,1997.1380845484944
160.29461299552014,59.43656527900774,Medium,1104.4922393205654
170.3018585449356,82.72400627449058,High,2258.3402595863236
147.79429419011512,80.4840663223497,High,1884.779994396572
153.1520428949033,80.3476080710469,High,2942.158421988255
182.04590732988166,81.55971990115872,Medium,2175.667675532903
147.74801071841375,54.63918324434094,Low,1566.5042129801845
179.22246451516534,54.34028951392674,High,1453.1570688944055
159.85776421922424,63.28676192343022,Low,2330.849965618631
141.11695422940178,65.20358594606371,High,2898.2156668952102
131.92145990852796,64.13797781392717,Low,2745.08187857987
191.95192019830014,72.77497972433866,High,1393.6543762343613
141.41875297976185,81.1525049328178,Low,2101.646751494751
169.0344107597891,67.06004791396431,High,2563.510129510524
175.30926191565473,61.846827633321396,High,1329.420143896262
150.30196656430297,78.12923100889945,Low,2518.68361988206
161.69711947469668,67.18035511570794,High,1648.6060270585388
177.18235865011718,71.07324883134119,Medium,1892.2635321186563
174.39974277230712,66.67526747488407,High,2138.3162021832204
163.0913665028862,73.3997035956924,High,2534.1577683429305
173.55356944512982,59.860958670070296,Medium,2765.9534147578784
168.46648003721634,77.26272225877149,Medium,1838.5333627176772
155.4437513065621,69.67223298042303,Medium,1760.180127100368
188.00735685160598,62.35683769772176,Low,1726.8858156412423
173.1113087744215,75.30932986349377,Medium,2389.792123081518
142.36953234141396,62.347288709221324,Low,2497.7778983176054
177.8251197375762,62.78927402004283,Medium,2447.2069179673335
160.76726225009548,57.98723101242085,Low,2134.8946599469414
165.6584571402786,52.964178397270416,Medium,2184.2235144481215
170.1229225129511,75.34285379207843,Medium,1884.8155913601072
158.10578745520854,81.6561664911116,High,1931.447628954782
197.04556794341528,65.49400275315968,Medium,2426.98677023901
147.60023412097368,62.01527488812408,High,2132.145972657566
170.85031215947657,51.877052207515426,Medium,1763.416967736545
175.72027371732375,48.266489201043115,Medium,2549.6633057304225
170.61819162542002,77.26730545715348,High,1696.0822177390805
167.13521287283044,50.25992197734358,High,2072.848891033611
164.34480075519815,58.56066429402473,Low,1379.9893851923462
157.95230081303046,72.83431318372006,High,1527.0995342004762
157.6863026274074,70.89707262685005,Low,2009.552687646002
187.3781517690167,73.24702383550722,Medium,1651.8783897795015
163.37379914754612,70.06919448488588,High,1885.424670485179
201.98278500209568,66.43073146205148,High,2606.6349904934523
180.03410478193652,58.62134325346216,Medium,1937.6218208054484
129.9855542809036,63.65856554727681,Medium,2449.9246170785796
183.2488852434135,67.10952123938847,Medium,1609.6437432386147
169.20260291416128,51.096581977329464,Medium,2274.452166989714
149.15072378924265,62.136638961227185,High,1499.904636047518
189.56382799738944,66.27781490353208,Medium,1875.1095074086907
163.46124599819709,63.11035244146501,Medium,2294.7470046838343
162.18601459577326,66.5744548125063,High,2006.3786145276922
175.6278502541344,76.6872775090128,Low,2471.150361351204
187.14245509334353,77.91485927285228,High,2333.7571176985907
171.70122797297236,85.11353147977536,Low,1845.7974253306268
170.6272902184301,54.9209763663898,Medium,2648.474186405484
159.5470097832012,65.79254851101933,High,2218.1525353983957
186.88635273548152,82.27579505067123,Medium,1878.155388529111
171.8457617983817,52.54264085423404,High,2072.8830901468696
166.618353088745,58.23770747662513,Low,2045.4591254281604
164.75739684561844,63.84264333028444,High,2100.7961632066017
185.40238393380585,90.44323802374798,Medium,1929.120337527798
166.06514605551308,60.25467295905267,High,2186.26385815266
185.44096427202982,80.83820641831258,Medium,2394.9098517561188
162.92637944965196,69.7210310632999,High,2212.7819607543247
180.8345822567411,58.535459838971214,Low,2195.7642330970443
173.10644270513544,97.99824146337832,High,1949.6604703114676
155.73867517124066,71.94648003905807,High,1556.958855885416
168.69535853559913,73.76202317860115,High,1435.327782600632
137.14095625398295,75.34507548206712,High,1646.2118316793897
158.83940238452223,74.56956182172115,Low,1790.9980169961318
146.3329039211053,91.5207335586206,Medium,2835.8956948573086
199.96250139769512,87.85943848269591,High,2625.8307727366673
146.50954075975082,60.68401856471194,High,1703.3418827115281
208.78685940826966,90.18724912972237,High,2224.851141447882
177.71419299002724,62.99867047050091,Low,1966.1888959647295
162.21699248070468,73.22240880882408,Medium,2117.9953823075384
182.09540150931238,55.484818815716274,Medium,1725.6896799653357
160.33227921260675,80.36606413864952,High,3120.879915231773
148.85676679388587,66.9263875865215,High,2932.249861693711
171.1860540231324,58.50512363421518,Medium,1853.6912423101126
180.5010904448936,81.88501014034706,High,1701.8354921387847
189.1761634289283,84.36201394905221,High,2462.7363167107983
177.46595164338487,84.70102781718697,High,1395.165407292794
162.05981714496002,54.77049550614776,Low,2422.9739623846867
190.79414123121234,85.73542920049718,Low,2062.732989229269
187.4446373935406,66.99484319502868,Medium,1282.9513370017648
174.03526291657312,90.51503470923898,Low,1924.1147435273765
188.16166620235242,76.24953698064157,Low,1672.1230016693169
202.77215466477213,72.51331260458493,Medium,2080.890122343828
161.846240898594,70.08521072738392,Low,2028.7531460595067
156.50483476575494,69.86337076660082,Medium,1326.3425292258191
161.40966214358053,63.204856844243935,High,1832.9282519312267
149.75524955051236,59.31936152437161,Medium,2287.3601579248602
178.86822176925037,66.37338028643921,Medium,2373.4540859760878
145.85145197984468,81.9088853644877,Medium,1818.4709760202486
188.97521351107545,56.033750341630494,High,2228.885321441302
159.9172754573977,83.40666230603392,High,2133.1901004723054
190.3806169826624,71.43389746360458,High,1973.6781381219887
131.64442552519327,77.81474618861257,Medium,2231.9396030226944
164.22218558444254,78.33160494025807,Medium,1537.397785602158
150.6048437636562,79.28344974558142,Medium,2000.4852004126597
190.30032383882303,70.22401588039713,Medium,1198.0303817546333
195.18537197755742,70.5234312465149,Medium,1972.9373470748665
134.83881653975936,78.94096675953706,Medium,2712.513202342597
182.9879233750068,59.587052385689,Medium,1840.237224554035
186.0303103048836,58.05541443424806,Low,2662.520064125104
174.8852678781624,65.3531307747586,High,1848.205965589543
178.82244964118033,72.88090521987326,Low,1457.6394497918855
177.74082522163346,89.20871149939786,High,2332.6972490078742
183.04262723000178,70.47982720446612,Medium,2231.9670209937935
153.6129943928549,90.00152512492909,Low,3159.5039671182494
188.00741516660025,75.15457697924836,Medium,1510.3521417334555
173.14019503843144,65.4653734963063,Low,2178.207022012656
172.24000759654703,81.47068648520921,Low,2196.0216256163462
178.49937423861607,67.57137175427948,Medium,2529.092350929399
150.9384681675569,72.51209448441894,Low,2264.8994666148997
146.6983672287589,56.6362869672313,Low,1855.9612278857066
168.18451756545684,54.9133623017776,High,1464.4638965642703
193.15308397071198,75.53655530807517,Medium,2173.311446237798
152.21926056949272,81.03728953951591,Medium,2187.2103257585118
172.6273166099971,89.45667502553276,Low,2315.708011148253
159.24974138095882,61.90627558656183,Medium,1855.2830767394473
157.2353235612057,84.63744124990845,High,2139.075780180415
177.51122548965262,83.14446899976997,High,1227.9243540435787
181.39063249084177,65.08837140963246,Medium,1485.3768763481212
158.18672796555168,83.88086889456378,Medium,2467.7647569557016
190.80875383950175,79.44216376285198,High,2089.9177640360945
176.33755439738806,81.4218307853958,Medium,2237.9100489844577
166.37483053230093,91.673603787432,Low,1700.8241294520865
175.21277053857904,81.00661847549999,Medium,1637.2736166554541
200.54521271984325,48.63101870637858,Low,1788.2243689009463
181.30296126651024,73.22560495997553,High,2118.8422140185507
159.51954597111788,54.331984989305155,Medium,2342.9587278213608
169.71938757084467,71.51450070277146,High,1875.444972558948
171.96903306757258,70.93627861455306,Medium,1170.2087849260852
179.98035181467432,64.16305097238076,Low,2200.5188029254864
173.59321581303848,59.72396856826616,Medium,2133.526077560644
198.42985863428254,64.69668099252765,High,2239.5864891115443
166.59970356948244,66.62839448571913,Low,2428.2490611248813
144.05141453859812,68.68295154065387,Medium,2388.7792452996464
173.21792854245876,71.05433906136862,High,2680.407113903088
163.38312201205838,75.85250825542268,High,2014.2088650239386
147.43953514776734,66.87447690978046,Medium,1784.036140420085
159.4471402749933,82.79648434671995,High,2520.4204203860804
164.6241804773402,69.61761492321908,Low,2454.178027671111
187.09706324375728,79.24490818573372,Medium,1883.574153179407
147.75127523153188,66.95519182609692,Low,2552.942911938694
175.24677901362926,97.4370916933686,High,2037.2642366555467
203.30720932281784,74.67264175033863,High,2638.1615084946307
167.37707546484978,86.35298601316605,High,2864.607571638108
166.93639265502242,63.0605801118721,Low,3320.535874847428
180.7966477921655,65.52849721693867,High,2031.1186961951546
177.8327239387041,67.47862347350589,Medium,2707.7154275270746
191.2634333585603,94.72999926768087,Medium,2426.923144913529
167.49333308151984,67.872599819344,High,2473.480807409499
180.53289367474446,61.76565905043266,Medium,2212.2159343904495
180.7715118331103,83.00906453547186,Low,2475.5522799171604
164.96666160273045,70.58804345736269,Low,1312.9578682019219
168.29029715026957,67.81880539349184,High,1985.5790423236529
169.83201242810344,63.89717688522141,Medium,1673.259216887099
151.43450278039376,74.88828558202015,Medium,1631.441707199991
164.1698240981954,80.626556336097,High,1282.2489527312264
192.4424679015032,77.88085440768137,Low,1736.6428034783391
185.56574923506676,65.20666222504619,High,1912.924746437221
161.30096126426764,60.122973123444126,Medium,2092.1546547366256
169.7638677720105,29.808788432361254,Medium,1993.7857607901574
184.57084834141315,60.545312918237684,High,2526.1693544412487
176.6510853131333,66.27865458658651,Low,1551.998772503376
181.99866428736206,69.40960168409313,Low,1028.171636141889
178.0119217819201,67.29188727197231,High,2265.7252993623015
173.23117104095186,98.0087694760939,Medium,1976.635808443525
167.51160975730426,74.91365137232631,Low,1966.254563191309
152.0733715960969,57.623572738719716,High,1643.607560635664
180.38352328202387,76.55567398421837,Medium,2454.5685181072085
166.67371972988886,73.91476720771153,Low,1790.4676275932384
145.28169659214734,59.50089387981194,Low,1558.213328055222
161.81511510182852,72.88805553332357,High,2837.13052601346
182.78434534179218,75.30151263183603,Medium,2345.787017771003
141.2575342810108,80.24504424447717,Low,1979.9208438022556
154.5571322720631,52.24327746498276,High,779.3789719470906
172.05700101978826,76.48078011213506,Low,1882.2876877246802
191.085779650914,84.0990465526892,Medium,1989.1916565521701
184.9996410340073,88.87686579008044,Low,2731.841000986055
192.5245192794496,57.739324735535654,Medium,1125.0112336090174
173.11672773089325,68.54047727366473,Low,2780.128401092285
166.8622934829945,69.50934471532655,Low,2218.466562055506
